<?xml version="1.0" encoding="utf-8"?>
<!--View is confirmation-->
<!--Version is 5-3-->
<!--NS is http://www.fpml.org/FpML-5/confirmation-->
<!--
        == Copyright (c) 2002-2013 All rights reserved.
        == Financial Products Markup Language is subject to the FpML public license.
        == A copy of this license is available at http://www.fpml.org/license/license.html
-->
<!--
Describes a trade that was removed because of a netting operation
-->
<clearingConfirmed xmlns="http://www.fpml.org/FpML-5/confirmation" xmlns:xsi="http://www.w3.org/2001/XMLSchema-instance" fpmlVersion="5-3" xsi:schemaLocation="http://www.fpml.org/FpML-5/confirmation ../../fpml-main-5-3.xsd http://www.w3.org/2000/09/xmldsig# ../../xmldsig-core-schema.xsd">
  <header>
    <messageId messageIdScheme="http://www.rbs.com/coding-scheme/message-id">R00ABC1</messageId>
    <sentBy messageAddressScheme="http://www.fpml.org/ext/iso9362">LCHLGB2LXXX</sentBy>
    <sendTo messageAddressScheme="http://www.fpml.org/ext/iso9362">RBSLGB1LXXX</sendTo>
    <creationTimestamp>2010-01-04T08:57:00Z</creationTimestamp>
  </header>
  <correlationId correlationIdScheme="http://www.rbs.com/coding-scheme/trade-id">TRD0001</correlationId>
  <compressionActivity>
    <compressionType>Netting</compressionType>
    <replacementTradeId tradeIdScheme="http://www.lch.com/coding-scheme/clearing-id">&gt;CL000003</replacementTradeId>
    <originatingTradeId tradeIdScheme="http://www.lch.com/coding-scheme/clearing-id">&gt;CL000001</originatingTradeId>
    <originatingTradeId tradeIdScheme="http://www.lch.com/coding-scheme/clearing-id">&gt;CL000002</originatingTradeId>
  </compressionActivity>
  <terminatingEvent>Netting</terminatingEvent>
  <termination>
    <originalTrade>
      <tradeHeader>
        <partyTradeIdentifier>
          <partyReference href="clearer" />
          <tradeId tradeIdScheme="http://www.lch.com/coding-scheme/clearing-id">CL000002</tradeId>
        </partyTradeIdentifier>
        <tradeDate>2010-01-04</tradeDate>
      </tradeHeader>
      <creditDefaultSwap>
        <generalTerms>
          <effectiveDate>
            <unadjustedDate>2002-12-04</unadjustedDate>
          </effectiveDate>
          <scheduledTerminationDate>
            <unadjustedDate>2007-09-06</unadjustedDate>
          </scheduledTerminationDate>
          <buyerPartyReference href="clearer" />
          <sellerPartyReference href="party2" />
          <referenceInformation>
            <referenceEntity id="referenceEntity">
              <entityName>Tenet Healthcare Corporation</entityName>
              <entityId entityIdScheme="http://www.fpml.org/spec/2003/entity-id-RED-1-0">8G836J</entityId>
            </referenceEntity>
            <referenceObligation>
              <bond>
                <instrumentId instrumentIdScheme="http://www.fpml.org/spec/2002/instrument-id-CUSIP-1-0">88033GAT7</instrumentId>
                <couponRate>0.06</couponRate>
                <maturity>2011-12-01</maturity>
              </bond>
              <primaryObligorReference href="referenceEntity" />
            </referenceObligation>
          </referenceInformation>
        </generalTerms>
        <feeLeg>
          <periodicPayment>
            <paymentFrequency>
              <periodMultiplier>3</periodMultiplier>
              <period>M</period>
            </paymentFrequency>
            <firstPaymentDate>2003-03-06</firstPaymentDate>
            <rollConvention>6</rollConvention>
            <fixedAmountCalculation>
              <fixedRate>0.01</fixedRate>
            </fixedAmountCalculation>
          </periodicPayment>
        </feeLeg>
        <protectionTerms>
          <calculationAmount>
            <currency>USD</currency>
            <amount>5000000</amount>
          </calculationAmount>
          <creditEvents>
            <restructuring>
              <applicable>true</applicable>
            </restructuring>
          </creditEvents>
        </protectionTerms>
      </creditDefaultSwap>
    </originalTrade>
    <agreementDate>2010-11-06</agreementDate>
    <effectiveDate>2010-11-06</effectiveDate>
    <changeInNotionalAmount>
      <currency>USD</currency>
      <amount>5000000</amount>
    </changeInNotionalAmount>
    <outstandingNotionalAmount>
      <currency>USD</currency>
      <amount>0</amount>
    </outstandingNotionalAmount>
  </termination>
  <party id="clearer">
    <partyId partyIdScheme="http://www.fpml.org/ext/iso9362">LCHLGB2LXXX</partyId>
  </party>
  <party id="party2">
    <partyId partyIdScheme="http://www.fpml.org/ext/iso9362">RBSLGB1LXXX</partyId>
  </party>
</clearingConfirmed>

