<?xml version="1.0" encoding="utf-8"?>
<!--View is confirmation-->
<!--Version is 5-12-->
<!--NS is http://www.fpml.org/FpML-5/confirmation-->
<!--
        == Copyright (c) 2021 All rights reserved.
        == Financial Products Markup Language is subject to the FpML public license.
        == A copy of this license is available at http://www.fpml.org/documents/license
-->
<executionAdvice xmlns="http://www.fpml.org/FpML-5/confirmation" xmlns:xsi="http://www.w3.org/2001/XMLSchema-instance" fpmlVersion="5-12" xsi:schemaLocation="http://www.fpml.org/FpML-5/confirmation ../../fpml-main-5-12.xsd http://www.w3.org/2000/09/xmldsig# ../../xmldsig-core-schema.xsd">
  <header>
    <messageId messageIdScheme="http://www.isda.org/coding-scheme/isda/message-id">1486297</messageId>
    <sentBy>894500DM8LVOSCMP9T34</sentBy>
    <sendTo>49300JZDC6K840D7F79</sendTo>
    <creationTimestamp>2018-03-20T18:13:51</creationTimestamp>
  </header>
  <isCorrection>false</isCorrection>
  <observation>
    <eventIdentifier>
      <partyReference href="party1" />
      <eventId>obs-1</eventId>
    </eventIdentifier>
    <date>2018-03-20</date>
    <time>
      <time>11:00:00</time>
      <location>UTC</location>
    </time>
    <side>Bid</side>
    <observedValue>0.875</observedValue>
    <source>
      <informationSource>
        <rateSource>Bloomberg</rateSource>
        <rateSourcePage>pagetbd</rateSourcePage>
      </informationSource>
      <underlyer>
        <floatingRate>
          <floatingRateIndex>EUR-LIBOR-BBA</floatingRateIndex>
          <indexTenor>
            <periodMultiplier>6</periodMultiplier>
            <period>M</period>
          </indexTenor>
        </floatingRate>
      </underlyer>
    </source>
  </observation>
  <party id="party1">
    <partyId partyIdScheme="http://www.fpml.org/coding-scheme/external/iso17442">894500DM8LVOSCMP9T34</partyId>
  </party>
</executionAdvice>

