<?xml version="1.0" encoding="utf-8"?>
<!--View is confirmation-->
<!--Version is 5-3-->
<!--NS is http://www.fpml.org/FpML-5/confirmation-->
<!-- 
        == Copyright (c) 2002-2013 All rights reserved. 
        == Financial Products Markup Language is subject to the FpML public license. 
        == A copy of this license is available at http://www.fpml.org/license/license.html-->
<!--5.0:Message type is a Root of the message-->
<!--5.0 Messaging: changed <requestTradeConfirmation> -><requestConfirmation>-->
<requestConfirmation xmlns="http://www.fpml.org/FpML-5/confirmation" xmlns:xsi="http://www.w3.org/2001/XMLSchema-instance" fpmlVersion="5-3" xsi:schemaLocation="http://www.fpml.org/FpML-5/confirmation ../../fpml-main-5-3.xsd http://www.w3.org/2000/09/xmldsig# ../../xmldsig-core-schema.xsd">
<!-- AP 03 May 2007 As per Correlation Swap DRAFT 16 04 2007 template-->
<!-- message header information -->
  <header>
<!-- unique message id -->
    <messageId messageIdScheme="http://www.partyA.com/coding-scheme/message-id">234234923420</messageId>
<!-- identify the sender of this message -->
    <sentBy messageAddressScheme="http://www.partyA.com/coding-scheme/party-id">23902</sentBy>
    <creationTimestamp>2007-05-02T08:57:00-00:00</creationTimestamp>
  </header>
<!--5.0 Messaging: added
                <isCorrection>
                <correlationId>
                <sequenceNumber>
        -->
  <isCorrection>false</isCorrection>
  <correlationId correlationIdScheme="http://www.example.com/conversationId">CORR/2007/05/02/234234923419</correlationId>
  <sequenceNumber>1</sequenceNumber>
<!-- trade information -->
  <trade>
<!-- trade header information -->
    <tradeHeader>
      <partyTradeIdentifier>
<!-- identify this trade from the perspective of gh4903 -->
        <partyReference href="gh4903" />
        <tradeId tradeIdScheme="http://www.partyA.com/coding-scheme/trade-id">6234</tradeId>
      </partyTradeIdentifier>
<!-- trade date -->
      <tradeDate id="td9202">2007-05-01</tradeDate>
    </tradeHeader>
    <correlationSwap>
<!-- extraordinary events -->
      <extraordinaryEvents>
<!-- calculation agent determines handling of these merger events -->
        <mergerEvents>
          <shareForShare>CalculationAgent</shareForShare>
          <shareForOther>CalculationAgent</shareForOther>
          <shareForCombined>CalculationAgent</shareForCombined>
        </mergerEvents>
<!-- calculation agent determines handling of these merger events -->
        <tenderOfferEvents>
          <shareForShare>CalculationAgent</shareForShare>
          <shareForOther>CalculationAgent</shareForOther>
          <shareForCombined>CalculationAgent</shareForCombined>
        </tenderOfferEvents>
<!-- failure to deliver or additional disruptions events mandatory -->
        <failureToDeliver>true</failureToDeliver>
<!-- TODO do I need to add Share Substitution Procedure -->
        <nationalisationOrInsolvency>CancellationAndPayment</nationalisationOrInsolvency>
      </extraordinaryEvents>
      <correlationLeg>
<!-- correlation seller responsible for making the payments defined by this structure -->
        <payerPartyReference href="ab9560" />
<!-- correlation buyer that receives the payments defined by this structure-->
        <receiverPartyReference href="gh4903" />
<!-- termination date is the cash settlement payment date -->
        <terminationDate>
          <relativeDate>
            <periodMultiplier>0</periodMultiplier>
            <period>D</period>
            <businessDayConvention>NONE</businessDayConvention>
            <dateRelativeTo href="sd2344" />
          </relativeDate>
        </terminationDate>
<!-- define the underlying basket -->
        <underlyer>
          <basket>
            <basketConstituent>
              <equity>
                <instrumentId instrumentIdScheme="http://www.fpml.org/spec/2002/instrument-id-ISIN-1-0">IBM.N</instrumentId>
                <exchangeId>NYSE</exchangeId>
                <relatedExchangeId />
              </equity>
            </basketConstituent>
            <basketConstituent>
              <equity>
                <instrumentId instrumentIdScheme="http://www.fpml.org/spec/2002/instrument-id-ISIN-1-0">MSFT.O</instrumentId>
                <exchangeId>NASDAQ</exchangeId>
                <relatedExchangeId />
              </equity>
            </basketConstituent>
            <basketConstituent>
              <equity>
                <instrumentId instrumentIdScheme="http://www.fpml.org/spec/2002/instrument-id-ISIN-1-0">B.N</instrumentId>
                <exchangeId>NYSE</exchangeId>
                <relatedExchangeId />
              </equity>
            </basketConstituent>
          </basket>
        </underlyer>
        <settlementType>Cash</settlementType>
<!-- cash settlement payment date -->
        <settlementDate id="sd2344">
<!-- 3 new york business days after valuation -->
          <relativeDate>
            <periodMultiplier>3</periodMultiplier>
            <period>D</period>
            <dayType>Business</dayType>
            <businessDayConvention>NONE</businessDayConvention>
            <businessCenters>
              <businessCenter>USNY</businessCenter>
            </businessCenters>
            <dateRelativeTo href="vs8292" />
          </relativeDate>
        </settlementDate>
        <valuation>
<!-- valuation date -->
          <valuationDate id="vs8292">
            <adjustableDate>
              <unadjustedDate>2007-06-01</unadjustedDate>
              <dateAdjustments>
                <businessDayConvention>NONE</businessDayConvention>
              </dateAdjustments>
            </adjustableDate>
          </valuationDate>
        </valuation>
        <amount>
<!-- implicit return type price -->
<!-- implict participation 100% -->
<!-- observation start date -->
          <observationStartDate>
            <adjustableDate>
              <unadjustedDate>2007-01-05</unadjustedDate>
              <dateAdjustments>
                <businessDayConvention>NotApplicable</businessDayConvention>
              </dateAdjustments>
            </adjustableDate>
          </observationStartDate>
          <allDividends>false</allDividends>
          <correlation>
            <closingLevel>true</closingLevel>
<!-- expected number of business days -->
            <expectedN>30</expectedN>
<!-- equity notional amount -->
            <notionalAmount>
              <currency>USD</currency>
              <amount>350000</amount>
            </notionalAmount>
            <correlationStrikePrice>0.60123</correlationStrikePrice>
            <boundedCorrelation>
<!-- floor level -->
              <minimumBoundaryPercent>0.35123</minimumBoundaryPercent>
<!-- cap level -->
              <maximumBoundaryPercent>0.85123</maximumBoundaryPercent>
            </boundedCorrelation>
            <numberOfDataSeries>1</numberOfDataSeries>
          </correlation>
        </amount>
      </correlationLeg>
    </correlationSwap>
<!-- calculation agent -->
    <calculationAgent>
      <calculationAgentPartyReference href="gh4903" />
    </calculationAgent>
    <documentation>
      <masterAgreement>
        <masterAgreementType>ISDA</masterAgreementType>
        <masterAgreementVersion>2002</masterAgreementVersion>
      </masterAgreement>
      <contractualDefinitions>ISDA2000</contractualDefinitions>
      <contractualDefinitions>ISDA2002Equity</contractualDefinitions>
    </documentation>
    <governingLaw>USNY</governingLaw>
  </trade>
<!-- identify the parties that play various roles in the trade -->
  <party id="ab9560">
<!-- party id defaults to BIC -->
    <partyId>CLNTGB20</partyId>
    <partyName>Client</partyName>
  </party>
  <party id="gh4903">
<!-- party id defaults to BIC -->
    <partyId>PARTYA</partyId>
    <partyName>Bank A</partyName>
<!--FpML 5.0:  account details were moved into a separate structure below-->
  </party>
  <account id="gh4903-uw2992">
    <accountId accountIdScheme="http://www.partyA.com/coding-scheme/account-id">4345334</accountId>
<!-- FpML 5-0 Required field -->
    <servicingParty href="gh4903" />
  </account>
</requestConfirmation>

