<?xml version="1.0" encoding="utf-8"?>
<!--View is confirmation-->
<!--Version is 5-12-->
<!--NS is http://www.fpml.org/FpML-5/confirmation-->
<!--
        == Copyright (c) 2021 All rights reserved.
        == Financial Products Markup Language is subject to the FpML public license.
        == A copy of this license is available at http://www.fpml.org/license/license.html
-->
<executionNotification xmlns="http://www.fpml.org/FpML-5/confirmation" xmlns:xsi="http://www.w3.org/2001/XMLSchema-instance" fpmlVersion="5-12" xsi:schemaLocation="http://www.fpml.org/FpML-5/confirmation ../../fpml-main-5-12.xsd http://www.w3.org/2000/09/xmldsig# ../../xmldsig-core-schema.xsd">
  <header>
    <messageId messageIdScheme="http://www.lchclearnet.com/clearlink/coding-scheme/message-id">LCH00000000001</messageId>
    <sentBy messageAddressScheme="http://www.lchclearnet.com/clearlink/coding-scheme/party-id">LCHLGB2L</sentBy>
    <sendTo messageAddressScheme="http://www.lchclearnet.com/clearlink/coding-scheme/party-id">LCHLGB2L</sendTo>
    <creationTimestamp>2020-12-17T09:10:11.3554302</creationTimestamp>
  </header>
  <isCorrection>false</isCorrection>
  <correlationId correlationIdScheme="http://www.lchclearnet.com/clearlink/coding-scheme/correlation-id">LCH00000000001</correlationId>
  <sequenceNumber>1</sequenceNumber>
  <originatingEvent originatingEventScheme="http://www.lchclearnet.com/clearlink/coding-scheme/originating-event">NetPositionTrade</originatingEvent>
  <trade>
    <tradeHeader>
      <partyTradeIdentifier>
        <partyReference href="tradeSource" />
        <tradeId tradeIdScheme="http://www.lchclearnet.com/clearlink/coding-scheme/trade-id">1</tradeId>
        <tradeId tradeIdScheme="http://www.lchclearnet.com/clearlink/coding-scheme/alpha-trade-id">12345678</tradeId>
      </partyTradeIdentifier>
      <partyTradeIdentifier>
        <partyReference href="party1" />
        <tradeId tradeIdScheme="http://www.lchclearnet.com/clearlink/coding-scheme/trade-id">abc123</tradeId>
      </partyTradeIdentifier>
      <partyTradeIdentifier>
        <partyReference href="clearingBroker1" />
        <tradeId tradeIdScheme="http://www.lchclearnet.com/clearlink/coding-scheme/trade-id">def456</tradeId>
      </partyTradeIdentifier>
      <partyTradeIdentifier>
        <partyReference href="clearingDCO" />
        <tradeId tradeIdScheme="http://www.lchclearnet.com/clearlink/coding-scheme/trade-id">LCH00000000001</tradeId>
        <tradeId tradeIdScheme="http://www.lchclearnet.com/clearlink/coding-scheme/group-id">11111111</tradeId>
        <tradeId tradeIdScheme="http://www.lchclearnet.com/clearlink/coding-scheme/group-size">12</tradeId>
        <tradeId tradeIdScheme="http://www.lchclearnet.com/clearlink/coding-scheme/link-id">1111111</tradeId>
        <tradeId tradeIdScheme="http://www.lchclearnet.com/clearlink/coding-scheme/trade-classification">STM</tradeId>
      </partyTradeIdentifier>
      <partyTradeIdentifier>
        <issuer issuerIdScheme="USINamespace">1010000051</issuer>
        <tradeId tradeIdScheme="USI">XX11111111XXX1111111111111111111</tradeId>
      </partyTradeIdentifier>
      <partyTradeIdentifier>
        <issuer issuerIdScheme="http://www.fpml.org/coding-scheme/external/issuer-identifier">1010000051</issuer>
        <tradeId tradeIdScheme="http://www.fpml.org/coding-scheme/external/unique-transaction-identifier">XX11111111XXX1111111111111111111</tradeId>
      </partyTradeIdentifier>
      <partyTradeInformation>
        <partyReference href="party1" />
        <relatedParty>
          <partyReference href="clearingBroker1" />
          <role>ClearingBroker</role>
        </relatedParty>
        <relatedParty>
          <partyReference href="tradeSource" />
          <role>TradeSource</role>
        </relatedParty>
        <category categoryScheme="http://www.lchclearnet.com/clearlink/coding-schema/category">NettingNotPermitted</category>
        <executionDateTime>2018-07-26T09:10:11Z</executionDateTime>
      </partyTradeInformation>
      <partyTradeInformation>
        <partyReference href="clearingDCO" />
        <category categoryScheme="http://www.lchclearnet.com/clearlink/coding-schema/category">T2</category>
        <category categoryScheme="http://www.lchclearnet.com/clearlink/coding-schema/category">New</category>
        <timestamps>
          <timestamp>
            <type>GatewayReceivedDateTime</type>
            <value>2018-07-26T09:10:11</value>
          </timestamp>
          <timestamp>
            <type>LastPaymentDate</type>
            <value>2023-07-31T09:10:11</value>
          </timestamp>
          <timestamp>
            <type>OriginalRegistrationDateTime</type>
            <value>2019-09-23T09:10:11.539</value>
          </timestamp>
        </timestamps>
        <clearingStatus>Registered</clearingStatus>
        <reportingRegime>
          <name>DF</name>
          <supervisorRegistration>
            <supervisoryBody>DTCC</supervisoryBody>
          </supervisorRegistration>
        </reportingRegime>
        <reportingRegime>
          <name>ESMA</name>
          <supervisorRegistration>
            <supervisoryBody>EMIR</supervisoryBody>
          </supervisorRegistration>
        </reportingRegime>
      </partyTradeInformation>
      <partyTradeInformation>
        <partyReference href="tradeSource" />
        <reportingRegime>
          <name>DF</name>
          <supervisorRegistration>
            <supervisoryBody>CFTC</supervisoryBody>
          </supervisorRegistration>
        </reportingRegime>
      </partyTradeInformation>
      <tradeDate>2019-09-23</tradeDate>
    </tradeHeader>
    <swap>
      <primaryAssetClass>InterestRate</primaryAssetClass>
      <productType>InterestRate:IRSwap:Inflation</productType>
      <swapStream id="fixedLeg1">
        <payerPartyReference href="party2" />
        <receiverPartyReference href="party1" />
        <calculationPeriodDates id="fixedCalcPeriodDates1">
          <effectiveDate>
            <unadjustedDate>2018-07-30</unadjustedDate>
            <dateAdjustments>
              <businessDayConvention>NONE</businessDayConvention>
            </dateAdjustments>
            <adjustedDate>2018-07-30</adjustedDate>
          </effectiveDate>
          <terminationDate>
            <unadjustedDate>2023-07-30</unadjustedDate>
            <dateAdjustments>
              <businessDayConvention>NONE</businessDayConvention>
            </dateAdjustments>
            <adjustedDate>2023-07-30</adjustedDate>
          </terminationDate>
          <calculationPeriodDatesAdjustments>
            <businessDayConvention>NONE</businessDayConvention>
          </calculationPeriodDatesAdjustments>
          <calculationPeriodFrequency>
            <periodMultiplier>1</periodMultiplier>
            <period>Y</period>
            <rollConvention>NONE</rollConvention>
          </calculationPeriodFrequency>
        </calculationPeriodDates>
        <paymentDates id="paymentDates1">
          <calculationPeriodDatesReference href="fixedCalcPeriodDates1" />
          <paymentFrequency>
            <periodMultiplier>5</periodMultiplier>
            <period>Y</period>
          </paymentFrequency>
          <payRelativeTo>CalculationPeriodEndDate</payRelativeTo>
          <paymentDatesAdjustments>
            <businessDayConvention>MODFOLLOWING</businessDayConvention>
            <businessCenters>
              <businessCenter>GBLO</businessCenter>
              <businessCenter>USNY</businessCenter>
            </businessCenters>
          </paymentDatesAdjustments>
        </paymentDates>
        <calculationPeriodAmount>
          <calculation>
            <notionalSchedule>
              <notionalStepSchedule>
                <initialValue>1234567890</initialValue>
                <currency>USD</currency>
              </notionalStepSchedule>
            </notionalSchedule>
            <fixedRateSchedule>
              <initialValue>0.023</initialValue>
            </fixedRateSchedule>
            <dayCountFraction>1/1</dayCountFraction>
          </calculation>
        </calculationPeriodAmount>
      </swapStream>
      <swapStream id="floatingLeg2">
        <payerPartyReference href="party1" />
        <receiverPartyReference href="party2" />
        <calculationPeriodDates id="floatingCalcPeriodDates2">
          <effectiveDate>
            <unadjustedDate>2018-07-30</unadjustedDate>
            <dateAdjustments>
              <businessDayConvention>NONE</businessDayConvention>
            </dateAdjustments>
            <adjustedDate>2018-07-30</adjustedDate>
          </effectiveDate>
          <terminationDate>
            <unadjustedDate>2023-07-30</unadjustedDate>
            <dateAdjustments>
              <businessDayConvention>NONE</businessDayConvention>
            </dateAdjustments>
            <adjustedDate>2023-07-30</adjustedDate>
          </terminationDate>
          <calculationPeriodDatesAdjustments>
            <businessDayConvention>NONE</businessDayConvention>
          </calculationPeriodDatesAdjustments>
          <calculationPeriodFrequency>
            <periodMultiplier>5</periodMultiplier>
            <period>Y</period>
            <rollConvention>NONE</rollConvention>
          </calculationPeriodFrequency>
        </calculationPeriodDates>
        <paymentDates id="paymentDates2">
          <calculationPeriodDatesReference href="floatingCalcPeriodDates2" />
          <paymentFrequency>
            <periodMultiplier>5</periodMultiplier>
            <period>Y</period>
          </paymentFrequency>
          <payRelativeTo>CalculationPeriodEndDate</payRelativeTo>
          <paymentDatesAdjustments>
            <businessDayConvention>MODFOLLOWING</businessDayConvention>
            <businessCenters>
              <businessCenter>GBLO</businessCenter>
              <businessCenter>USNY</businessCenter>
            </businessCenters>
          </paymentDatesAdjustments>
        </paymentDates>
        <calculationPeriodAmount>
          <calculation>
            <notionalSchedule>
              <notionalStepSchedule>
                <initialValue>1234567890</initialValue>
                <currency>USD</currency>
              </notionalStepSchedule>
            </notionalSchedule>
            <inflationRateCalculation>
              <floatingRateIndex>USA-CPI-U</floatingRateIndex>
              <inflationLag>
                <periodMultiplier>3</periodMultiplier>
                <period>M</period>
              </inflationLag>
              <indexSource>CPURNSA</indexSource>
              <interpolationMethod>LinearZeroYield</interpolationMethod>
              <initialIndexLevel>251.52077</initialIndexLevel>
              <fallbackBondApplicable>false</fallbackBondApplicable>
            </inflationRateCalculation>
            <dayCountFraction>1/1</dayCountFraction>
          </calculation>
        </calculationPeriodAmount>
      </swapStream>
    </swap>
    <documentation>
      <masterAgreement>
        <masterAgreementType>ISDA</masterAgreementType>
      </masterAgreement>
      <contractualDefinitions>ISDA2006</contractualDefinitions>
      <contractualDefinitions>ISDA2008Inflation</contractualDefinitions>
    </documentation>
  </trade>
  <party id="party1">
    <partyId partyIdScheme="http://www.lchclearnet.com/clearlink/coding-scheme/murex-portfolio-id">XXX_H_XXX</partyId>
  </party>
  <party id="party2">
    <partyId partyIdScheme="http://www.lchclearnet.com/clearlink/coding-scheme/murex-counterparty-id">LCHLGB2L</partyId>
  </party>
  <party id="clearingDCO">
    <partyId partyIdScheme="http://www.lchclearnet.com/clearlink/coding-scheme/party-id">LCHLGB2L</partyId>
  </party>
  <party id="clearingBroker1">
    <partyId partyIdScheme="http://www.lchclearnet.com/clearlink/coding-scheme/party-id">XXX</partyId>
  </party>
  <party id="tradeSource">
    <partyId partyIdScheme="http://www.lchclearnet.com/clearlink/coding-scheme/party-id">NETTING</partyId>
  </party>
</executionNotification>

