<?xml version="1.0" encoding="utf-8"?>
<!--View is confirmation-->
<!--Version is 5-3-->
<!--NS is http://www.fpml.org/FpML-5/confirmation-->
<!--
        == Copyright (c) 2002-2013 All rights reserved.
        == Financial Products Markup Language is subject to the FpML public license.
        == A copy of this license is available at http://www.fpml.org/license/license.html
-->
<!--With forward starting, the deal needs to be updated on/after the strike date to add (Initial Price) and replace with (Equity Notional) numeric values, so there are two samples for the same deal – pre and post.-->
<!--5.0:Message type is a Root of the message-->
<!--5.0 Messaging: changed <requestTradeConfirmation> -><requestConfirmation>-->
<requestConfirmation xmlns="http://www.fpml.org/FpML-5/confirmation" xmlns:xsi="http://www.w3.org/2001/XMLSchema-instance" fpmlVersion="5-3" xsi:schemaLocation="http://www.fpml.org/FpML-5/confirmation ../../fpml-main-5-3.xsd http://www.w3.org/2000/09/xmldsig# ../../xmldsig-core-schema.xsd">
  <header>
    <messageId messageIdScheme="perFpMLReqmt">123456-002700000000001</messageId>
    <sentBy>DTCC00006441</sentBy>
    <sendTo>DTCC00006440</sendTo>
    <creationTimestamp>2009-09-10T18:08:40.335-05:00</creationTimestamp>
  </header>
<!--5.0 Messaging: added
                <isCorrection>
                <correlationId>
                <sequenceNumber>
        -->
  <isCorrection>false</isCorrection>
  <correlationId correlationIdScheme="http://www.example.com/conversationId">ES/2009/09/10/15-01</correlationId>
  <sequenceNumber>1</sequenceNumber>
  <trade>
    <tradeHeader>
      <partyTradeIdentifier>
        <partyReference href="party1" />
        <tradeId tradeIdScheme="http://www.partyA.com/tradeRefNbr">TW9236</tradeId>
      </partyTradeIdentifier>
      <partyTradeIdentifier>
        <partyReference href="party2" />
        <tradeId tradeIdScheme="http://www.partyB.com/trade-id-1-0">299442</tradeId>
      </partyTradeIdentifier>
      <tradeDate>2009-09-10</tradeDate>
    </tradeHeader>
    <equitySwapTransactionSupplement>
      <returnLeg>
        <payerPartyReference href="party1" />
        <receiverPartyReference href="party2" />
        <effectiveDate id="equityEffectiveDate">
          <adjustableDate>
            <unadjustedDate>2009-10-12</unadjustedDate>
            <dateAdjustments>
              <businessDayConvention>NONE</businessDayConvention>
            </dateAdjustments>
          </adjustableDate>
        </effectiveDate>
        <terminationDate>
          <relativeDate>
            <periodMultiplier>0</periodMultiplier>
            <period>D</period>
            <businessDayConvention>NONE</businessDayConvention>
            <dateRelativeTo href="finalCashSettlementPaymentDate" />
          </relativeDate>
        </terminationDate>
        <underlyer>
          <singleUnderlyer>
            <equity>
              <instrumentId instrumentIdScheme="http://www.example.com/instrument-id-Reuters-RIC-1-0">IBM.N</instrumentId>
              <relatedExchangeId exchangeIdScheme="http://www.example.com/exchange-id-REC-1-0">ALL</relatedExchangeId>
            </equity>
            <openUnits>760400</openUnits>
            <dividendPayout>
              <dividendPayoutRatio>.85</dividendPayoutRatio>
            </dividendPayout>
          </singleUnderlyer>
        </underlyer>
        <rateOfReturn>
          <initialPrice>
            <netPrice>
              <amount>37.44</amount>
              <priceExpression>AbsoluteTerms</priceExpression>
            </netPrice>
          </initialPrice>
          <notionalReset>true</notionalReset>
          <valuationPriceInterim>
            <determinationMethod>ValuationTime</determinationMethod>
            <valuationRules id="equityValuationDates">
              <valuationDates>
                <periodicDates>
                  <calculationStartDate>
                    <adjustableDate>
                      <unadjustedDate>2009-10-12</unadjustedDate>
                      <dateAdjustments>
                        <businessDayConvention>NotApplicable</businessDayConvention>
                      </dateAdjustments>
                    </adjustableDate>
                  </calculationStartDate>
                  <calculationEndDate>
                    <adjustableDate>
                      <unadjustedDate>2010-08-12</unadjustedDate>
                      <dateAdjustments>
                        <businessDayConvention>NotApplicable</businessDayConvention>
                      </dateAdjustments>
                    </adjustableDate>
                  </calculationEndDate>
                  <calculationPeriodFrequency>
                    <periodMultiplier>1</periodMultiplier>
                    <period>M</period>
                    <rollConvention>30</rollConvention>
                  </calculationPeriodFrequency>
                  <calculationPeriodDatesAdjustments>
                    <businessDayConvention>PRECEDING</businessDayConvention>
                    <businessCenters id="businessCenters">
                      <businessCenter>USNY</businessCenter>
                      <businessCenter>GBLO</businessCenter>
                    </businessCenters>
                  </calculationPeriodDatesAdjustments>
                </periodicDates>
              </valuationDates>
              <futuresPriceValuation>true</futuresPriceValuation>
<!-- Dividend Valuation Dates ISDA2009EquityPanAsiaInterdealer MCA-->
              <dividendValuationDates>
                <adjustableDates>
                  <unadjustedDate>2009-10-12</unadjustedDate>
                  <unadjustedDate>2009-10-15</unadjustedDate>
                  <dateAdjustments>
                    <businessDayConvention>PRECEDING</businessDayConvention>
                    <businessCentersReference href="businessCenters" />
                  </dateAdjustments>
                </adjustableDates>
              </dividendValuationDates>
<!-- FPV Final Price Election for ISDA2009EquityPanAsiaInterdealer MCA-->
              <fPVFinalPriceElectionFallback>FPVClose</fPVFinalPriceElectionFallback>
            </valuationRules>
          </valuationPriceInterim>
          <valuationPriceFinal>
            <determinationMethod>ValuationTime</determinationMethod>
          </valuationPriceFinal>
          <paymentDates id="CashSettlementPaymentDate">
            <paymentDatesInterim>
              <relativeDates>
                <periodMultiplier>3</periodMultiplier>
                <period>D</period>
                <dayType>CurrencyBusiness</dayType>
                <businessDayConvention>NONE</businessDayConvention>
                <dateRelativeTo href="equityValuationDates" />
              </relativeDates>
            </paymentDatesInterim>
            <paymentDateFinal id="finalCashSettlementPaymentDate">
              <relativeDate>
                <periodMultiplier>3</periodMultiplier>
                <period>D</period>
                <dayType>CurrencyBusiness</dayType>
                <businessDayConvention>NONE</businessDayConvention>
                <dateRelativeTo href="equityValuationDates" />
              </relativeDate>
            </paymentDateFinal>
          </paymentDates>
        </rateOfReturn>
        <notional id="equityNotionalAmount">
          <notionalAmount>
            <currency currencyScheme="http://www.fpml.org/ext/iso4217">USD</currency>
            <amount>28469376</amount>
          </notionalAmount>
        </notional>
        <amount>
          <currency id="settlementCurrency" currencyScheme="http://www.fpml.org/ext/iso4217">USD</currency>
          <referenceAmount>StandardISDA</referenceAmount>
          <cashSettlement>true</cashSettlement>
        </amount>
        <return>
          <returnType>Total</returnType>
          <dividendConditions>
<!-- Dividend Payment Date (Valuation Date Offset) information for ISDA2009EquityPanAsiaInterdealer MCA-->
            <dividendPaymentDate>
              <dividendDateReference>DividendValuationDate</dividendDateReference>
              <paymentDateOffset>
                <periodMultiplier>3</periodMultiplier>
                <period>D</period>
              </paymentDateOffset>
            </dividendPaymentDate>
<!-- Final Price Default Election information for ISDA2009EquityPanAsiaInterdealer MCA -->
            <determinationMethod>HedgeExecution</determinationMethod>
<!-- Declared Cash Dividend Percentage -->
            <declaredCashDividendPercentage>2.5</declaredCashDividendPercentage>
<!-- Declared Cash Equivalent Dividend Percentage -->
            <declaredCashEquivalentDividendPercentage>2.5</declaredCashEquivalentDividendPercentage>
<!-- Special Dividends information for ISDA2009EquityPanAsiaInterdealer MCA-->
            <specialDividends>false</specialDividends>
          </dividendConditions>
        </return>
        <notionalAdjustments>Standard</notionalAdjustments>
      </returnLeg>
      <interestLeg>
        <payerPartyReference href="party2" />
        <receiverPartyReference href="party1" />
        <interestLegCalculationPeriodDates id="floatingCalculationPeriodDates">
          <effectiveDate>
            <relativeDate>
              <periodMultiplier>0</periodMultiplier>
              <period>D</period>
              <businessDayConvention>NONE</businessDayConvention>
              <dateRelativeTo href="equityEffectiveDate" />
            </relativeDate>
          </effectiveDate>
          <terminationDate>
            <relativeDate>
              <periodMultiplier>0</periodMultiplier>
              <period>D</period>
              <businessDayConvention>NONE</businessDayConvention>
              <dateRelativeTo href="finalCashSettlementPaymentDate" />
            </relativeDate>
          </terminationDate>
          <interestLegResetDates>
            <calculationPeriodDatesReference href="floatingCalculationPeriodDates" />
            <resetRelativeTo>CalculationPeriodStartDate</resetRelativeTo>
          </interestLegResetDates>
          <interestLegPaymentDates>
            <adjustableDates>
              <unadjustedDate>2009-10-12</unadjustedDate>
              <unadjustedDate>2009-11-13</unadjustedDate>
              <unadjustedDate>2009-12-12</unadjustedDate>
              <unadjustedDate>2010-01-14</unadjustedDate>
              <unadjustedDate>2010-02-12</unadjustedDate>
              <unadjustedDate>2010-03-12</unadjustedDate>
              <unadjustedDate>2010-04-12</unadjustedDate>
              <unadjustedDate>2010-05-13</unadjustedDate>
              <unadjustedDate>2010-06-02</unadjustedDate>
              <unadjustedDate>2010-07-12</unadjustedDate>
              <unadjustedDate>2010-08-12</unadjustedDate>
              <dateAdjustments>
                <businessDayConvention>NONE</businessDayConvention>
              </dateAdjustments>
            </adjustableDates>
          </interestLegPaymentDates>
        </interestLegCalculationPeriodDates>
        <notional>
          <relativeNotionalAmount href="equityNotionalAmount" />
        </notional>
        <interestAmount>
          <currencyReference href="settlementCurrency" />
          <referenceAmount>StandardISDA</referenceAmount>
        </interestAmount>
        <interestCalculation>
          <floatingRateCalculation id="floatingRateCalculation">
            <floatingRateIndex>USD-LIBOR-BBA</floatingRateIndex>
            <indexTenor>
              <periodMultiplier>6</periodMultiplier>
              <period>M</period>
            </indexTenor>
            <spreadSchedule>
              <initialValue>.01</initialValue>
            </spreadSchedule>
          </floatingRateCalculation>
          <dayCountFraction>ACT/360</dayCountFraction>
<!-- Linear interpolation -->
          <interpolationMethod>LinearZeroYield</interpolationMethod>
        </interestCalculation>
      </interestLeg>
      <mutualEarlyTermination>true</mutualEarlyTermination>
      <localJurisdiction>NotApplicable</localJurisdiction>
      <extraordinaryEvents>
        <additionalDisruptionEvents>
          <determiningPartyReference href="party2" />
        </additionalDisruptionEvents>
      </extraordinaryEvents>
    </equitySwapTransactionSupplement>
    <calculationAgent>
<!-- Calculation Agent for "ISDA2009EquityPanAsiaInterdealer"-->
      <calculationAgentPartyReference href="party2" />
      <calculationAgentPartyReference href="party1" />
    </calculationAgent>
    <collateral>
      <independentAmount>
        <payerPartyReference href="party2" />
        <receiverPartyReference href="party1" />
        <paymentDetail>
          <paymentRule xsi:type="PercentageRule">
            <paymentPercent>.02</paymentPercent>
            <notionalAmountReference href="equityNotionalAmount" />
          </paymentRule>
        </paymentDetail>
      </independentAmount>
    </collateral>
    <documentation>
      <masterConfirmation>
        <masterConfirmationType>ISDA2009EquityPanAsia</masterConfirmationType>
        <masterConfirmationDate>2009-07-20</masterConfirmationDate>
        <masterConfirmationAnnexDate>2009-07-20</masterConfirmationAnnexDate>
        <masterConfirmationAnnexType>ISDA2009ShareSwapPanAsia</masterConfirmationAnnexType>
      </masterConfirmation>
    </documentation>
  </trade>
  <party id="party1">
    <partyId partyIdScheme="DTCC">DTCC00006441</partyId>
    <partyName>Party A</partyName>
  </party>
  <party id="party2">
    <partyId partyIdScheme="DTCC">DTCC00006440</partyId>
    <partyName>Party B</partyName>
  </party>
</requestConfirmation>

