<?xml version="1.0" encoding="utf-8"?>
<!--View is confirmation-->
<!--Version is 5-12-->
<!--NS is http://www.fpml.org/FpML-5/confirmation-->
<!--View is confirmation-->
<!--Version is 5-12-->
<!--NS is http://www.fpml.org/FpML-5/confirmation-->
<!--
        == Copyright (c) 2021 All rights reserved.
        == Financial Products Markup Language is subject to the FpML public license.
        == A copy of this license is available at http://www.fpml.org/license/license.html
-->
<!--
Loan Covenant Obligation Notification - this notice communicates events or tasks in relation to a loan covenant obligation. 
-->
<loanCovenantObligationNotification xmlns="http://www.fpml.org/FpML-5/confirmation" xmlns:xsi="http://www.w3.org/2001/XMLSchema-instance" fpmlVersion="5-12" xsi:schemaLocation="http://www.fpml.org/FpML-5/confirmation ../../fpml-main-5-12.xsd http://www.w3.org/2000/09/xmldsig# ../../xmldsig-core-schema.xsd">
  <header>
    <messageId messageIdScheme="http://www.pimco.com/fpml/coding-scheme/internal/message-id">P00001549667579</messageId>
    <sentBy messageAddressScheme="http://www.loanmarketdirectory.com/external/schemes/MEI">GB1L104502</sentBy>
    <sendTo messageAddressScheme="http://www.loanmarketdirectory.com/external/schemes/MEI">KY1L151440</sendTo>
    <creationTimestamp>2018-03-12T16:35:58.568-05:00</creationTimestamp>
  </header>
  <isCorrection>false</isCorrection>
  <noticeDate>2018-03-12</noticeDate>
  <isGlobalOnly>true</isGlobalOnly>
  <covenantTask>
    <taskIdentifier>
      <partyReference href="GB1L104502" />
      <taskId taskIdScheme="http://www.bank.com/coding-scheme/loan-covenant-task-id">TASK_1</taskId>
    </taskIdentifier>
    <responsibleParty href="KY1L151440" />
    <dates>
      <raisedDate>2018-01-12</raisedDate>
      <expectedDate>2018-03-12</expectedDate>
      <clearedDate>2018-03-12</clearedDate>
    </dates>
    <status>Active</status>
    <covenantReference href="COVENANT_1" />
    <type legalCovenantTaskTypeScheme="http://www.fpml.org/coding-scheme/legal-covenant-task-type">FulfillCovenantObligation</type>
  </covenantTask>
  <covenantIdentifier id="COVENANT_1">
    <name>Quarterly Financial Statements</name>
    <partyReference href="KY1L151440" />
    <covenantObligationId covenantObligationIdScheme="http://www.bank.com/coding-scheme/loan-covenant-obligation-id">_COVENANT_OBLIGATION_1</covenantObligationId>
  </covenantIdentifier>
  <facilityIdentifier id="CUSIP1003">
    <partyReference href="GB1L104502" />
    <instrumentId instrumentIdScheme="http://www.fpml.org/coding-scheme/external/instrument-id-CUSIP">CUSIP1003</instrumentId>
    <description>Term Loan A</description>
  </facilityIdentifier>
  <party id="GB1L104502">
    <partyId partyIdScheme="http://www.loanmarketdirectory.com/external/schemes/MEI">GB1L104502</partyId>
  </party>
  <party id="KY1L151440">
    <partyId partyIdScheme="http://www.loanmarketdirectory.com/external/schemes/MEI">KY1L151440</partyId>
  </party>
</loanCovenantObligationNotification>

