<?xml version="1.0" encoding="utf-8"?>
<!--View is confirmation-->
<!--Version is 5-12-->
<!--NS is http://www.fpml.org/FpML-5/confirmation-->
<!--View is confirmation-->
<!--Version is 5-12-->
<!--NS is http://www.fpml.org/FpML-5/confirmation-->
<!--
        == Copyright (c) 2021 All rights reserved.
        == Financial Products Markup Language is subject to the FpML public license.
        == A copy of this license is available at http://www.fpml.org/license/license.html
-->
<!--
Facility Notification - this notification shows an accrual option change.
-->
<facilityNotification xmlns="http://www.fpml.org/FpML-5/confirmation" xmlns:xsi="http://www.w3.org/2001/XMLSchema-instance" fpmlVersion="5-12" xsi:schemaLocation="http://www.fpml.org/FpML-5/confirmation ../../fpml-main-5-12.xsd http://www.w3.org/2000/09/xmldsig# ../../xmldsig-core-schema.xsd">
  <header>
    <messageId messageIdScheme="http://www.bankofagentsna.com/messaging/messageids">842302</messageId>
    <sentBy messageAddressScheme="http://www.loanmarketdirectory.com/external/schemes/MEI">US2A432121</sentBy>
    <sendTo messageAddressScheme="http://www.loanmarketdirectory.com/external/schemes/MEI">US5L567878</sendTo>
    <creationTimestamp>2021-12-30T10:37:45Z</creationTimestamp>
    <implementationSpecification>
      <name>BKLoanSys</name>
      <version implementationSpecificationVersionScheme="http://www.bkloansys.com/">1.0</version>
      <date>2021-12-30</date>
    </implementationSpecification>
  </header>
  <isCorrection>false</isCorrection>
  <noticeDate>2021-12-30</noticeDate>
  <isGlobalOnly>false</isGlobalOnly>
  <accrualOptionChange>
    <eventIdentifier>
      <partyReference href="BANKOFAGENTSNA" />
      <eventId eventIdScheme="http://www.bankofagentsna.com/messaging/eventids">41934</eventId>
    </eventIdentifier>
    <lenderPartyReference href="LENDERCORP" />
    <comment>Accrual Option Change</comment>
    <agentPartyReference href="BANKOFAGENTSNA" />
    <borrowerPartyReference href="BORROWERINC" />
    <effectiveDate>2022-01-01</effectiveDate>
    <facilityReference href="FAC12345" />
    <floatingRateOption>
      <accrualOptionId accrualTypeIdScheme="http://www.bankofagentsna.com/messaging/borrowingoptionids">542602</accrualOptionId>
      <dayCountFraction dayCountFractionScheme="http://www.fpml.org/coding-scheme/day-count-fraction">ACT/360</dayCountFraction>
      <rate>
        <floatingRateIndex floatingRateIndexScheme="http://www.fpml.org/coding-scheme/floating-rate-index">USD-SOFR</floatingRateIndex>
        <indexTenor>
          <periodMultiplier>30</periodMultiplier>
          <period>D</period>
        </indexTenor>
        <calculationParameters>
          <calculationMethod>Averaging</calculationMethod>
          <applicableBusinessDays>
            <businessCenters>
              <businessCenter businessCenterScheme="http://www.fpml.org/coding-scheme/business-center">NYFD</businessCenter>
            </businessCenters>
          </applicableBusinessDays>
          <lookback>
            <offsetDays>5</offsetDays>
          </lookback>
        </calculationParameters>
        <spreadSchedule>
          <initialValue>0.015</initialValue>
        </spreadSchedule>
        <spreadAdjustment>0.0011448</spreadAdjustment>
        <allInRateLimits>
          <floorRate>
            <startDate>2022-01-01</startDate>
            <rate>0.00000</rate>
          </floorRate>
        </allInRateLimits>
      </rate>
      <currency>USD</currency>
      <drawdownNoticeDays>5</drawdownNoticeDays>
      <rateSetNoticeDays>5</rateSetNoticeDays>
    </floatingRateOption>
  </accrualOptionChange>
  <facilityIdentifier id="FAC12345">
    <partyReference href="BANKOFAGENTSNA" />
    <instrumentId instrumentIdScheme="http://www.cusip.com/">F123452TLA</instrumentId>
    <description>Term Loan A</description>
  </facilityIdentifier>
  <party id="BANKOFAGENTSNA">
    <partyId partyIdScheme="http://www.loanmarketdirectory.com/external/schemes/MEI">US2A432121</partyId>
  </party>
  <party id="LENDERCORP">
    <partyId partyIdScheme="http://www.loanmarketdirectory.com/external/schemes/MEI">US5L567878</partyId>
  </party>
  <party id="BORROWERINC">
    <partyId partyIdScheme="http://www.loanmarketdirectory.com/external/schemes/MEI">US3B789454</partyId>
  </party>
</facilityNotification>

