<?xml version="1.0" encoding="utf-8"?>
<!--View is confirmation-->
<!--Version is 5-12-->
<!--NS is http://www.fpml.org/FpML-5/confirmation-->
<!--View is confirmation-->
<!--Version is 5-12-->
<!--NS is http://www.fpml.org/FpML-5/confirmation-->
<!--
        == Copyright (c) 2021 All rights reserved.
        == Financial Products Markup Language is subject to the FpML public license.
        == A copy of this license is available at http://www.fpml.org/license/license.html
-->
<!--
Facility Notification - this notification shows an unutilized accruing fee being paid.
-->
<facilityNotification xmlns="http://www.fpml.org/FpML-5/confirmation" xmlns:xsi="http://www.w3.org/2001/XMLSchema-instance" fpmlVersion="5-12" xsi:schemaLocation="http://www.fpml.org/FpML-5/confirmation ../../fpml-main-5-12.xsd http://www.w3.org/2000/09/xmldsig# ../../xmldsig-core-schema.xsd">
  <header>
    <messageId messageIdScheme="http://www.bankofagentsna.com/messaging/messageids">612983</messageId>
    <sentBy messageAddressScheme="http://www.loanmarketdirectory.com/external/schemes/MEI">US2A432121</sentBy>
    <sendTo messageAddressScheme="http://www.loanmarketdirectory.com/external/schemes/MEI">US5L567878</sendTo>
    <creationTimestamp>2013-10-21T09:30:47Z</creationTimestamp>
    <implementationSpecification>
      <name>BKLoanSys</name>
      <version implementationSpecificationVersionScheme="http://www.bkloansys.com/">1.0</version>
      <date>2012-12-06</date>
    </implementationSpecification>
  </header>
  <isCorrection>false</isCorrection>
  <noticeDate>2014-09-29</noticeDate>
  <isGlobalOnly>false</isGlobalOnly>
  <eventPayment>
    <payerPartyReference href="BORROWERINC" />
    <receiverPartyReference href="LENDERCORP" />
    <paymentAmount>
      <currency>USD</currency>
      <amount>20794.52</amount>
    </paymentAmount>
    <paymentDate>
      <unadjustedDate>2014-09-30</unadjustedDate>
      <dateAdjustments>
        <businessDayConvention>FOLLOWING</businessDayConvention>
        <businessCenters>
          <businessCenter>USNY</businessCenter>
        </businessCenters>
      </dateAdjustments>
    </paymentDate>
    <eventIdentifier>
      <partyReference href="BANKOFAGENTSNA" />
      <eventId eventIdScheme="http://www.bankofagentsna.com/messaging/eventids">61027</eventId>
    </eventIdentifier>
  </eventPayment>
  <accruingFeePayment>
    <eventIdentifier>
      <partyReference href="BANKOFAGENTSNA" />
      <eventId eventIdScheme="http://www.bankofagentsna.com/messaging/eventids">61027</eventId>
    </eventIdentifier>
    <lenderPartyReference href="LENDERCORP" />
    <cashPayable>
      <payerPartyReference href="BANKOFAGENTSNA" />
      <receiverPartyReference href="LENDERCORP" />
      <netAmount>
        <currency>USD</currency>
        <amount>20794.52</amount>
      </netAmount>
      <taxWithholding>
        <amount>
          <currency>USD</currency>
          <amount>0</amount>
        </amount>
      </taxWithholding>
    </cashPayable>
    <agentPartyReference href="BANKOFAGENTSNA" />
    <borrowerPartyReference href="BORROWERINC" />
    <effectiveDate>2014-09-30</effectiveDate>
    <facilityReference href="FAC12345" />
    <id accrualTypeIdScheme="http://www.bankofagentsna.com/messaging/accrualtypeids">71625</id>
    <startDate>2014-06-30</startDate>
    <endDate>2014-09-29</endDate>
    <amount>
      <currency>USD</currency>
      <amount>100000.00</amount>
      <shareAmount>20794.52</shareAmount>
    </amount>
    <accrualSchedule>
      <startDate>2014-06-30</startDate>
      <endDate>2014-09-29</endDate>
      <numberOfDays>92</numberOfDays>
      <referenceAmount>
        <currency>USD</currency>
        <amount>100000000.00</amount>
        <shareAmount>30000000.00</shareAmount>
      </referenceAmount>
      <referenceAmountType>Utilized</referenceAmountType>
      <rate>0.00275</rate>
      <accrualAmount>
        <currency>USD</currency>
        <amount>100000.00</amount>
        <shareAmount>20794.52</shareAmount>
      </accrualAmount>
    </accrualSchedule>
  </accruingFeePayment>
  <facilityIdentifier id="FAC12345">
    <partyReference href="BANKOFAGENTSNA" />
    <instrumentId instrumentIdScheme="http://www.cusip.com/">F123452TLA</instrumentId>
    <description>Term Loan A</description>
  </facilityIdentifier>
  <party id="BANKOFAGENTSNA">
    <partyId partyIdScheme="http://www.loanmarketdirectory.com/external/schemes/MEI">US2A432121</partyId>
    <person>
      <firstName>Robert</firstName>
      <surname>Madak</surname>
      <contactInfo>
        <telephone>
          <number>3026348459</number>
        </telephone>
        <email>robert.madak@bankofagents.com</email>
        <address>
          <streetAddress>
            <streetLine>500 Stanton Christiana Rd</streetLine>
          </streetAddress>
          <city>Newark</city>
          <state>DE</state>
          <country countryScheme="http://www.fpml.org/coding-scheme/external/iso3166">US</country>
          <postalCode>19713</postalCode>
        </address>
      </contactInfo>
    </person>
  </party>
  <party id="BORROWERINC">
    <partyId partyIdScheme="http://www.loanmarketdirectory.com/external/schemes/MEI">US3B789454</partyId>
  </party>
  <party id="COBORROWERINC">
    <partyId partyIdScheme="http://www.loanmarketdirectory.com/external/schemes/MEI">US4C147258</partyId>
  </party>
  <party id="LENDERCORP">
    <partyId partyIdScheme="http://www.loanmarketdirectory.com/external/schemes/MEI">US5L567878</partyId>
  </party>
  <party id="GUARANTORPARTNERSLLC">
    <partyId partyIdScheme="http://www.loanmarketdirectory.com/external/schemes/MEI">US6G852363</partyId>
  </party>
</facilityNotification>

