<?xml version="1.0" encoding="utf-8"?>
<!--View is confirmation-->
<!--Version is 5-12-->
<!--NS is http://www.fpml.org/FpML-5/confirmation-->
<!--View is confirmation-->
<!--Version is 5-12-->
<!--NS is http://www.fpml.org/FpML-5/confirmation-->
<!--
        == Copyright (c) 2021 All rights reserved.
        == Financial Products Markup Language is subject to the FpML public license.
        == A copy of this license is available at http://www.fpml.org/license/license.html
-->
<!--
This notice communicates a deal statement structure. 
-->
<dealStatement xmlns="http://www.fpml.org/FpML-5/confirmation" xmlns:xsi="http://www.w3.org/2001/XMLSchema-instance" fpmlVersion="5-12" xsi:schemaLocation="http://www.fpml.org/FpML-5/confirmation ../../fpml-main-5-12.xsd http://www.w3.org/2000/09/xmldsig# ../../xmldsig-core-schema.xsd">
  <header>
    <messageId messageIdScheme="http://www.bankofagentsna.com/messaging/messageids">159304</messageId>
    <sentBy messageAddressScheme="http://www.loanmarketdirectory.com/external/schemes/MEI">US2A432121</sentBy>
    <sendTo messageAddressScheme="http://www.loanmarketdirectory.com/external/schemes/MEI">US5L567878</sendTo>
    <creationTimestamp>2014-11-11T09:30:47Z</creationTimestamp>
    <implementationSpecification>
      <name>BKLoanSys</name>
      <version implementationSpecificationVersionScheme="http://www.bkloansys.com/">1.0</version>
      <date>2012-12-06</date>
    </implementationSpecification>
  </header>
  <isCorrection>false</isCorrection>
  <statementDate>2014-11-12</statementDate>
  <deal id="DL198">
    <partyReference href="BANKOFAGENTSNA" />
    <instrumentId instrumentIdScheme="http://www.cusip.com/">DL198304</instrumentId>
    <description>Term Loan 198304</description>
    <issuerPartyReference href="ISSUINGBANK" />
    <agentPartyReference href="BANKOFAGENTSNA" />
    <syndicationLeadPartyReference href="SYNLEADBANK" />
    <creditAgreementDate>2014-11-15</creditAgreementDate>
    <issuedAmount>
      <currency>USD</currency>
      <amount>10000000.00</amount>
    </issuedAmount>
    <transferFee>
      <amount id="TF198">
        <currency>USD</currency>
        <amount>3500</amount>
      </amount>
      <description>The amount paid for the transfer of a commitment from one syndicate lender to another.</description>
    </transferFee>
    <covenant id="COV198_1">
      <name>Quarterly Financial Statments</name>
      <partyReference href="BANKOFAGENTSNA" />
      <covenantObligationId covenantObligationIdScheme="http://www.bankofagentsna.com/messaging/covenantids">COV198_1</covenantObligationId>
      <effectiveDate>2014-11-15</effectiveDate>
      <obligatedParty href="BORROWERINC" />
      <dealReference href="DL198" />
      <category loanCovenantObligationCategoryTypeScheme="http://www.fpml.org/coding-scheme/loan-covenant-obligation-category-type">Financial</category>
      <type loanCovenantObligationTypeScheme="http://www.fpml.org/coding-scheme/loan-covenant-obligation-type">QuarterlyFinancialStatements</type>
      <description>Section 3, paragraph ii. The borrower must convey quarterly financial statements to the Administrative Agent within 60 business days of the end of each fiscal quarter.</description>
      <triggerCriteria>
        <date>
          <frequencyType>Quarterly</frequencyType>
          <dueDateAdjustment>
            <numberOfDays>60</numberOfDays>
            <dayType>Business</dayType>
            <adjustmentType dateAdjustmentTypeScheme="http://www.fpml.org/coding-scheme/date-adjustment-type">TrailingDays</adjustmentType>
          </dueDateAdjustment>
        </date>
      </triggerCriteria>
      <accountingDetails>
        <accountingStandard>GAAP</accountingStandard>
        <inventoryMethod>FIFO</inventoryMethod>
      </accountingDetails>
    </covenant>
    <covenant id="COV198_2">
      <name>Annual Financial Statments</name>
      <partyReference href="BANKOFAGENTSNA" />
      <covenantObligationId covenantObligationIdScheme="http://www.bankofagentsna.com/messaging/covenantids">COV198_2</covenantObligationId>
      <effectiveDate>2014-11-15</effectiveDate>
      <obligatedParty href="BORROWERINC" />
      <dealReference href="DL198" />
      <category loanCovenantObligationCategoryTypeScheme="http://www.fpml.org/coding-scheme/loan-covenant-obligation-category-type">Financial</category>
      <type loanCovenantObligationTypeScheme="http://www.fpml.org/coding-scheme/loan-covenant-obligation-type">AnnualFinancialStatements</type>
      <description>Section 3, paragraph iii. The borrower must convey annual financial statements to the Administrative Agent within 90 business days of the end of each fiscal quarter.</description>
      <triggerCriteria>
        <date>
          <frequencyType>Annually</frequencyType>
          <dueDateAdjustment>
            <numberOfDays>90</numberOfDays>
            <dayType>Business</dayType>
            <adjustmentType dateAdjustmentTypeScheme="http://www.fpml.org/coding-scheme/date-adjustment-type">TrailingDays</adjustmentType>
          </dueDateAdjustment>
        </date>
      </triggerCriteria>
      <accountingDetails>
        <accountingStandard>GAAP</accountingStandard>
        <inventoryMethod>FIFO</inventoryMethod>
      </accountingDetails>
    </covenant>
    <covenant id="COV198_3">
      <name>Quarterly Compliance Certificates</name>
      <partyReference href="BANKOFAGENTSNA" />
      <covenantObligationId covenantObligationIdScheme="http://www.bankofagentsna.com/messaging/covenantids">COV198_3</covenantObligationId>
      <effectiveDate>2014-11-15</effectiveDate>
      <obligatedParty href="BORROWERINC" />
      <dealReference href="DL198" />
      <category loanCovenantObligationCategoryTypeScheme="http://www.fpml.org/coding-scheme/loan-covenant-obligation-category-type">Financial</category>
      <type loanCovenantObligationTypeScheme="http://www.fpml.org/coding-scheme/loan-covenant-obligation-type">ComplianceCertificates</type>
      <description>Section 3, paragraph iv. The borrower must convey quarterly compliance certificates to the Administrative Agent within 90 business days of the end of each fiscal quarter.</description>
      <triggerCriteria>
        <date>
          <frequencyType>Quarterly</frequencyType>
          <dueDateAdjustment>
            <numberOfDays>60</numberOfDays>
            <dayType>Business</dayType>
            <adjustmentType dateAdjustmentTypeScheme="http://www.fpml.org/coding-scheme/date-adjustment-type">TrailingDays</adjustmentType>
          </dueDateAdjustment>
        </date>
      </triggerCriteria>
      <accountingDetails>
        <accountingStandard>GAAP</accountingStandard>
        <inventoryMethod>FIFO</inventoryMethod>
      </accountingDetails>
    </covenant>
    <termLoan id="TL15">
      <partyReference href="BANKOFAGENTSNA" />
      <instrumentId instrumentIdScheme="http://www.cusip.com/">TL159836</instrumentId>
      <description>Term Loan A</description>
      <dealReference href="DL198" />
      <borrowerPartyReference href="BORROWERINC" />
      <agentPartyReference href="BANKOFAGENTSNA" />
      <startDate>2014-11-15</startDate>
      <maturityDate>2015-02-15</maturityDate>
      <currentCommitment>
        <totalCommitmentAmount>
          <currency>USD</currency>
          <amount>10000000.00</amount>
          <shareAmount>100000.00</shareAmount>
        </totalCommitmentAmount>
      </currentCommitment>
      <governingLaw governingLawScheme="http://www.fpml.org/coding-scheme/governing-law">USNY</governingLaw>
      <fixedRateOption>
        <accrualOptionId accrualTypeIdScheme="http://www.bankofagentsna.com/messaging/borrowingoptionids">540685</accrualOptionId>
        <dayCountFraction dayCountFractionScheme="http://www.fpml.org/coding-scheme/day-count-fraction">30/360</dayCountFraction>
        <paymentFrequency>
          <periodMultiplier>3</periodMultiplier>
          <period>M</period>
        </paymentFrequency>
        <rate>0.0025</rate>
        <startDate>2014-11-15</startDate>
        <endDate>2015-02-15</endDate>
        <currency>USD</currency>
        <borrowerPartyReference href="BORROWERINC" />
        <drawdownNoticeDays>7</drawdownNoticeDays>
      </fixedRateOption>
      <defaultRate>
        <startDate>2014-11-15</startDate>
        <endDate>2015-02-15</endDate>
        <rate>0.002</rate>
      </defaultRate>
    </termLoan>
  </deal>
  <party id="BANKOFAGENTSNA">
    <partyId partyIdScheme="http://www.loanmarketdirectory.com/external/schemes/MEI">US2A432121</partyId>
    <contactInfo>
      <email>jadams@agentbank.com</email>
    </contactInfo>
    <person>
      <firstName>John</firstName>
      <surname>Adams</surname>
    </person>
  </party>
  <party id="ISSUINGBANK">
    <partyId partyIdScheme="http://www.loanmarketdirectory.com/external/schemes/MEI">US3I786123</partyId>
  </party>
  <party id="LENDERCORP">
    <partyId partyIdScheme="http://www.loanmarketdirectory.com/external/schemes/MEI">US5L567878</partyId>
  </party>
  <party id="BORROWERINC">
    <partyId partyIdScheme="http://www.loanmarketdirectory.com/external/schemes/MEI">US3B789454</partyId>
  </party>
  <party id="SYNLEADBANK">
    <partyId partyIdScheme="http://www.loanmarketdirectory.com/external/schemes/MEI">US4S126598</partyId>
  </party>
</dealStatement>

