<?xml version="1.0" encoding="utf-8"?>
<!--View is confirmation-->
<!--Version is 5-3-->
<!--NS is http://www.fpml.org/FpML-5/confirmation-->
<!--
  == Copyright (c) 2002-2013 All rights reserved.
  == Financial Products Markup Language is subject to the FpML public license.
  == A copy of this license is available at http://www.fpml.org/documents/license
  -->
<!--View is reporting-->
<!--Version is 5-0-->
<!--NS is http://www.fpml.org/FpML-5/reporting-->
<!--Omit some adjustments, details of procedures, and other information not required for a report-->
<!--5.0:Message type is a Root of the message-->
<!--5.0 Messaging: changed <contractNovated> -><executionAdvice>-->
<executionAdvice xmlns="http://www.fpml.org/FpML-5/confirmation" xmlns:xsi="http://www.w3.org/2001/XMLSchema-instance" fpmlVersion="5-3" xsi:schemaLocation="http://www.fpml.org/FpML-5/confirmation ../../fpml-main-5-3.xsd http://www.w3.org/2000/09/xmldsig# ../../xmldsig-core-schema.xsd">
  <header>
<!--5.0: conversationId added-->
<!--5.0 Messaging: <correlationId> is used instead of <conversationId>-->
<!--conversationId conversationIdScheme="http://www.imgr.com/schemes/conversation-id">M/C002</conversationId-->
    <messageId messageIdScheme="http://www.imgr.com/schemes/message-id">IM/7</messageId>
    <sentBy>IMGRUS6S</sentBy>
    <sendTo>CUSTUS3T</sendTo>
    <creationTimestamp>2009-06-15T13:15:09.000-08:00</creationTimestamp>
  </header>
<!--5.0 Messaging: added
                <isCorrection>
                <correlationId>
                <sequenceNumber>
        -->
  <isCorrection>true</isCorrection>
  <correlationId correlationIdScheme="http://www.imgr.com/schemes/correlation-id">IM/C002</correlationId>
  <sequenceNumber>3</sequenceNumber>
<!--5.0 Messaging: <contract> substituted by a choice
                <trade>
                <amendment>
                <increase>
                <novation>
                <termination>
        -->
  <novation>
<!--5.0 Messaging: changed from <oldContract> -> <oldTrade>-->
    <oldTrade>
<!--5.0 Messaging: changed from <tradeHeader> -> <header>-->
      <tradeHeader>
<!--5.0 Messaging: changed from <identifier> -> <partyTradeIdentifier>-->
        <partyTradeIdentifier>
          <partyReference href="_fund" />
<!--5.0 Messaging: changed from <versionedContractId> -> <versionedTradeId>-->
          <versionedTradeId>
<!--5.0 Messaging: changed from <contractId> -> <tradeId>-->
            <tradeId tradeIdScheme="http://www.swift.com/coding-scheme/contract-id">CONTR2345</tradeId>
            <version>1</version>
          </versionedTradeId>
        </partyTradeIdentifier>
        <tradeDate>2009-06-08</tradeDate>
      </tradeHeader>
      <creditDefaultSwap>
        <productType>CDS</productType>
        <generalTerms>
          <effectiveDate>
            <unadjustedDate>2009-06-09</unadjustedDate>
            <dateAdjustments>
              <businessDayConvention>FOLLOWING</businessDayConvention>
              <businessCentersReference href="BCNYLO" />
            </dateAdjustments>
          </effectiveDate>
          <scheduledTerminationDate>
<!--5.0 product: Removed <adjustableDate> container -->
            <unadjustedDate>2012-06-20</unadjustedDate>
            <dateAdjustments>
              <businessDayConvention>FOLLOWING</businessDayConvention>
              <businessCenters id="BCNYLO">
                <businessCenter>USNY</businessCenter>
                <businessCenter>GBLO</businessCenter>
              </businessCenters>
            </dateAdjustments>
          </scheduledTerminationDate>
<!--FpML 5.0: Messaging: buyerPartyReference moved a head sellerPartyReference-->
          <buyerPartyReference href="_broker" />
          <sellerPartyReference href="_fund" />
          <referenceInformation>
            <referenceEntity>
              <entityName>0E69A8</entityName>
              <entityId entityIdScheme="http://www.fpml.org/spec/2003/entity-id-RED-1-0">0E69A8</entityId>
            </referenceEntity>
            <referenceObligation>
              <bond>
                <instrumentId instrumentIdScheme="http://www.fpml.org/spec/2002/instrument-id-ISIN-1-0">US042735AL41</instrumentId>
              </bond>
              <primaryObligor>
                <entityName>ARW</entityName>
                <entityId entityIdScheme="http://www.imgr.com/schemes/entity-id">ARW</entityId>
              </primaryObligor>
            </referenceObligation>
            <allGuarantees>true</allGuarantees>
            <referencePrice>87.4</referencePrice>
          </referenceInformation>
        </generalTerms>
        <feeLeg>
          <initialPayment>
            <payerPartyReference href="_fund" />
            <receiverPartyReference href="_broker" />
            <paymentAmount>
              <currency>USD</currency>
              <amount>387300.00</amount>
            </paymentAmount>
          </initialPayment>
          <periodicPayment>
            <paymentFrequency>
              <periodMultiplier>3</periodMultiplier>
              <period>M</period>
            </paymentFrequency>
            <firstPeriodStartDate>2009-03-20</firstPeriodStartDate>
            <firstPaymentDate>2009-06-20</firstPaymentDate>
            <rollConvention>20</rollConvention>
            <fixedAmountCalculation>
              <calculationAmount>
                <currency>USD</currency>
                <amount>70000000.00</amount>
              </calculationAmount>
              <fixedRate>0.023</fixedRate>
              <dayCountFraction>ACT/360</dayCountFraction>
            </fixedAmountCalculation>
          </periodicPayment>
        </feeLeg>
        <protectionTerms>
          <calculationAmount id="calculationAmount">
            <currency>USD</currency>
            <amount>70000000.00</amount>
          </calculationAmount>
          <creditEvents>
<!--5.0 product: "bankruptcy" element's type changed from empty -> Boolean-->
            <bankruptcy>true</bankruptcy>
            <failureToPay>
<!--5.0 product: Added Boolean element "applicable"-->
              <applicable>true</applicable>
              <paymentRequirement>
                <currency>USD</currency>
                <amount>1000000.00</amount>
              </paymentRequirement>
            </failureToPay>
<!--5.0 product: "obligationAcceleration" element's type changed from empty -> Boolean-->
            <obligationAcceleration>true</obligationAcceleration>
<!--5.0 product "repudiationMoratorium" element's type changed from empty -> Boolean-->
            <repudiationMoratorium>true</repudiationMoratorium>
            <restructuring>
<!--5.0 product: Added Boolean element "applicable"-->
              <applicable>true</applicable>
              <restructuringType>ModR</restructuringType>
            </restructuring>
            <creditEventNotice>
              <notifyingParty>
                <buyerPartyReference href="_broker" />
              </notifyingParty>
              <publiclyAvailableInformation>
<!--5.0 product:  "standardPublicSources" element's type changed from empty -> Boolean-->
                <standardPublicSources>true</standardPublicSources>
                <specifiedNumber>2</specifiedNumber>
              </publiclyAvailableInformation>
            </creditEventNotice>
          </creditEvents>
          <obligations>
            <category>Bond</category>
<!--5.0 Product: "notSubordinated" element's type changed from empty -> Boolean-->
            <notSubordinated>true</notSubordinated>
<!--5.0 Product: "notDomesticCurrency" element became a container. Added Boolean element "applicable"-->
            <notDomesticCurrency>
              <applicable>true</applicable>
            </notDomesticCurrency>
<!--5.0 product: "notDomesticLaw" element's type changed empty -> Boolean-->
            <notDomesticLaw>true</notDomesticLaw>
<!--5.0 product: "notDomesticIssuance" element's type changed from empty -> Boolean-->
            <notDomesticIssuance>true</notDomesticIssuance>
          </obligations>
        </protectionTerms>
        <physicalSettlementTerms>
          <settlementCurrency>USD</settlementCurrency>
          <physicalSettlementPeriod>
<!--5.0 product: "businessDaysNotSpecified" element's type changed from empty -> Boolean-->
            <businessDaysNotSpecified>true</businessDaysNotSpecified>
          </physicalSettlementPeriod>
          <deliverableObligations>
            <accruedInterest>false</accruedInterest>
            <category>Bond</category>
<!--5.0 product: "notSubordinated" element's type changed from empty -> Boolean-->
            <notSubordinated>true</notSubordinated>
<!--5.0 product: "specifiedCurrency" element became a container. Added Boolean element "applicable"-->
            <specifiedCurrency>
              <applicable>true</applicable>
            </specifiedCurrency>
<!--5.0 product: "notDomesticLaw" element's type changed from empty -> Boolean-->
            <notDomesticLaw>true</notDomesticLaw>
<!--5.0 product: "notContingent" element's type changed from empty -> Boolean-->
            <notContingent>true</notContingent>
<!--5.0 product: "notDomesticIssuance" element's type changed from empty -> Boolean-->
            <notDomesticIssuance>true</notDomesticIssuance>
<!--5.0 product "transferable" element's type changed from empty -> Boolean-->
            <transferable>true</transferable>
<!--5.0 product: "notBearer" element's type changed from empty -> Boolean-->
            <notBearer>true</notBearer>
          </deliverableObligations>
          <escrow>true</escrow>
        </physicalSettlementTerms>
      </creditDefaultSwap>
      <documentation>
        <masterConfirmation>
          <masterConfirmationType>ISDA2003StandardCreditNorthAmerican</masterConfirmationType>
          <masterConfirmationDate>2009-05-22</masterConfirmationDate>
        </masterConfirmation>
      </documentation>
    </oldTrade>
<!--5.0 Messaging: changed from <newContractReference> -> <newTradeIdentifier>-->
    <newTradeIdentifier>
      <partyReference href="_fund" />
<!--5.0 Messaging: changed from <identifier> -> <versionedTradeId >-->
      <versionedTradeId>
<!--5.0 Messaging: changed from <contractId contractIdScheme=""> -> <tradeId tradeIdScheme>-->
        <tradeId tradeIdScheme="http://www.swift.com/coding-scheme/contract-id">CONTR2345</tradeId>
        <version>3</version>
      </versionedTradeId>
    </newTradeIdentifier>
    <transferor href="_fund" />
    <transferee href="_broker2" />
    <remainingParty href="_broker" />
    <novationDate>2009-06-16</novationDate>
<!--5.0 Messaging: changed from <novationContractDate> -> <novationTradeDate >-->
    <novationTradeDate>2009-06-15</novationTradeDate>
    <novatedAmount>
      <currency>USD</currency>
      <amount>25000000.00</amount>
    </novatedAmount>
<!--4-6: Added "id" attribute to all paiment structures-->
    <payment id="NOVATION_FEE">
      <payerPartyReference href="_broker2" />
      <receiverPartyReference href="_fund" />
      <paymentAmount>
        <currency>USD</currency>
        <amount>53555.00</amount>
      </paymentAmount>
<!--4.6: Added a containder paymentDate-->
      <paymentDate>
        <adjustedDate>2009-08-16</adjustedDate>
      </paymentDate>
      <paymentType>Novation Fee</paymentType>
    </payment>
  </novation>
<!--4-6: Added <paimentDetails>-->
  <paymentDetails>
    <paymentReference href="NOVATION_FEE" />
    <grossCashflow>
      <cashflowId cashflowIdScheme="http://www.imgr.com/schemes/cashflow-id">CONTR2345-1-VALUE</cashflowId>
      <payerPartyReference href="_broker2" />
      <receiverPartyReference href="_fund" />
      <cashflowAmount>
        <currency>USD</currency>
        <amount>53555.00</amount>
      </cashflowAmount>
      <cashflowType cashflowTypeScheme="http://www.fpml.org/coding-scheme/cashflow-type-2-0">Fee</cashflowType>
    </grossCashflow>
  </paymentDetails>
  <party id="_fund">
    <partyId>IMGRUS6S</partyId>
    <partyName>INVEST MGR</partyName>
  </party>
  <party id="_broker">
    <partyId>BROKUS33</partyId>
    <partyName>BROKER 33</partyName>
  </party>
  <party id="_broker2">
    <partyId>BROKGB2L</partyId>
    <partyName>BROKER 53</partyName>
  </party>
  <party id="_cust">
    <partyId>CUSTUS3T</partyId>
    <partyName>Custodian</partyName>
  </party>
  <account id="_FUNDACCT">
    <accountId accountIdScheme="http://www.imgr.com/schemes/account-id">FUND100</accountId>
    <accountBeneficiary href="_fund" />
  </account>
  <account id="_CUSTACCT">
    <accountId accountIdScheme="http://www.custodian.com/account-id">98765</accountId>
    <accountBeneficiary href="_cust" />
  </account>
</executionAdvice>

