<?xml version="1.0" encoding="utf-8"?>
<!--View is confirmation-->
<!--Version is 5-12-->
<!--NS is http://www.fpml.org/FpML-5/confirmation-->
<!--
  == Copyright (c) 2021 All rights reserved.
  == Financial Products Markup Language is subject to the FpML public license.
  == A copy of this license is available at http://www.fpml.org/license/license.html
-->
<requestConsent xmlns="http://www.fpml.org/FpML-5/confirmation" xmlns:xsi="http://www.w3.org/2001/XMLSchema-instance" fpmlVersion="5-12" xsi:schemaLocation="http://www.fpml.org/FpML-5/confirmation ../../fpml-main-5-12.xsd http://www.w3.org/2000/09/xmldsig# ../../xmldsig-core-schema.xsd">
  <header>
    <messageId messageIdScheme="http://www.drkw.com/messageId/OTC">OTCCallorPutSpread456a789b</messageId>
    <sentBy messageAddressScheme="http://www.MsgParty.com/partyId">drkw</sentBy>
    <creationTimestamp>2000-08-01T08:57:00Z</creationTimestamp>
  </header>
  <isCorrection>false</isCorrection>
  <correlationId correlationIdScheme="http://www.drkw.com/conversationId/OTC">OTCCallorPutSpread45678</correlationId>
  <sequenceNumber>1</sequenceNumber>
  <increase>
    <tradeIdentifier>
      <partyReference href="party1" />
      <tradeId tradeIdScheme="http://www.drkw.com/tradeId/OTC">1234</tradeId>
    </tradeIdentifier>
    <agreementDate>2004-04-28</agreementDate>
    <effectiveDate>2004-04-30</effectiveDate>
    <changeInNumberOfOptions>100.00</changeInNumberOfOptions>
    <outstandingNumberOfOptions>300.00</outstandingNumberOfOptions>
  </increase>
  <party id="party1">
    <partyId partyIdScheme="http://www.fpml.org/coding-scheme/dummy-party-id">DRKW</partyId>
  </party>
  <party id="party2">
    <partyId partyIdScheme="http://www.fpml.org/coding-scheme/dummy-party-id">Party B</partyId>
  </party>
</requestConsent>

