<?xml version="1.0" encoding="utf-8"?>
<!--View is confirmation-->
<!--Version is 5-3-->
<!--NS is http://www.fpml.org/FpML-5/confirmation-->
<!--
  == Copyright (c) 2002-2013 All rights reserved.
  == Financial Products Markup Language is subject to the FpML public license.
  == A copy of this license is available at http://www.fpml.org/license/license.html
  -->
<confirmationAgreed xmlns="http://www.fpml.org/FpML-5/confirmation" xmlns:xsi="http://www.w3.org/2001/XMLSchema-instance" fpmlVersion="5-3" xsi:schemaLocation="http://www.fpml.org/FpML-5/confirmation ../../fpml-main-5-3.xsd http://www.w3.org/2000/09/xmldsig# ../../xmldsig-core-schema.xsd">
  <header>
<!--FpML 5.0 conversationId is removed. correlationId is to be used instead-->
    <messageId messageIdScheme="http://www.example.com/messageId">MS/2006/04/02/15-10</messageId>
    <inReplyTo messageIdScheme="#party2">PARTYBBICXXX</inReplyTo>
    <sentBy>PARTYABICXXX</sentBy>
    <sendTo>PARTYBBICXXX</sendTo>
    <creationTimestamp>2006-04-02T15:38:00Z</creationTimestamp>
  </header>
<!--5.0 Messaging: added
                <correlationId>
                <sequenceNumber>
        -->
  <correlationId correlationIdScheme="http://www.example.com/conversationId">CS/2006/04/02/32-05</correlationId>
  <sequenceNumber>5</sequenceNumber>
  <trade>
    <tradeHeader>
      <partyTradeIdentifier>
        <partyReference href="party1" />
        <tradeId tradeIdScheme="http://www.PartyA.com/eqd-trade-id">1234</tradeId>
      </partyTradeIdentifier>
      <tradeDate>2002-07-01</tradeDate>
    </tradeHeader>
    <equityOption>
      <productType>europeanCallIndex</productType>
      <buyerPartyReference href="party2" />
      <sellerPartyReference href="party1" />
      <optionType>Call</optionType>
      <equityEffectiveDate>2002-07-26</equityEffectiveDate>
      <underlyer>
        <singleUnderlyer>
          <index>
            <instrumentId instrumentIdScheme="http://www.fpml.org/schemes/4.1/instrumentId">.STOX50E</instrumentId>
            <description>STOXX 50 Euro</description>
            <exchangeId exchangeIdScheme="http://www.fpml.org/schemes/4.1/exchangeId">EUREX</exchangeId>
          </index>
        </singleUnderlyer>
      </underlyer>
      <notional>
        <currency>USD</currency>
        <amount>8000000</amount>
      </notional>
      <equityExercise>
        <equityEuropeanExercise>
          <expirationDate id="expirationDate">
            <adjustableDate>
              <unadjustedDate>2005-10-11</unadjustedDate>
              <dateAdjustments>
                <businessDayConvention>NONE</businessDayConvention>
              </dateAdjustments>
            </adjustableDate>
          </expirationDate>
          <equityExpirationTimeType>Close</equityExpirationTimeType>
        </equityEuropeanExercise>
        <automaticExercise>true</automaticExercise>
        <equityValuation>
          <valuationTimeType>Close</valuationTimeType>
          <futuresPriceValuation>false</futuresPriceValuation>
        </equityValuation>
        <settlementDate>
          <relativeDate>
            <periodMultiplier>3</periodMultiplier>
            <period>D</period>
            <dayType>Business</dayType>
            <businessDayConvention>NONE</businessDayConvention>
            <businessCenters>
              <businessCenter>EUTA</businessCenter>
            </businessCenters>
            <dateRelativeTo href="expirationDate" />
          </relativeDate>
        </settlementDate>
        <settlementCurrency>EUR</settlementCurrency>
        <settlementPriceSource>OfficialClose</settlementPriceSource>
        <settlementType>Cash</settlementType>
      </equityExercise>
<!--FpML 5.0: Use this "feature", as "equityFeatures" ofType "OptionFeatures" was removed because Option Features content is accessible in the complex type EquityDerivativeBase through the model group Feature.model.  -->
      <feature>
        <barrier>
          <barrierCap>
            <schedule>
              <startDate>2002-03-29</startDate>
              <endDate>2002-07-12</endDate>
              <averagingPeriodFrequency>
                <periodMultiplier>1</periodMultiplier>
                <period>D</period>
                <rollConvention>NONE</rollConvention>
              </averagingPeriodFrequency>
            </schedule>
            <trigger>
              <level>1606.346</level>
            </trigger>
            <featurePayment>
              <payerPartyReference href="party1" />
              <receiverPartyReference href="party2" />
              <amount>15000000</amount>
              <time>Close</time>
              <currency>EUR</currency>
              <featurePaymentDate>
                <relativeDate>
                  <periodMultiplier>3</periodMultiplier>
                  <period>D</period>
                  <dayType>Business</dayType>
                  <businessDayConvention>NONE</businessDayConvention>
                  <businessCenters>
                    <businessCenter>EUTA</businessCenter>
                  </businessCenters>
                  <dateRelativeTo href="expirationDate" />
                </relativeDate>
              </featurePaymentDate>
            </featurePayment>
          </barrierCap>
        </barrier>
        <knock>
          <knockOut>
            <schedule>
              <startDate>2002-07-26</startDate>
              <endDate>2005-10-11</endDate>
              <averagingPeriodFrequency>
                <periodMultiplier>1</periodMultiplier>
                <period>D</period>
                <rollConvention>NONE</rollConvention>
              </averagingPeriodFrequency>
            </schedule>
            <trigger>
              <levelPercentage>1.50</levelPercentage>
            </trigger>
            <featurePayment>
              <payerPartyReference href="party1" />
              <receiverPartyReference href="party2" />
              <amount>880000</amount>
              <time>SpecificTime</time>
              <currency>EUR</currency>
              <featurePaymentDate>
                <relativeDate>
                  <periodMultiplier>3</periodMultiplier>
                  <period>D</period>
                  <dayType>Business</dayType>
                  <businessDayConvention>NONE</businessDayConvention>
                  <businessCenters>
                    <businessCenter>EUTA</businessCenter>
                  </businessCenters>
                  <dateRelativeTo href="expirationDate" />
                </relativeDate>
              </featurePaymentDate>
            </featurePayment>
          </knockOut>
        </knock>
      </feature>
      <methodOfAdjustment>CalculationAgent</methodOfAdjustment>
      <extraordinaryEvents>
        <indexAdjustmentEvents>
          <indexModification>CalculationAgentAdjustment</indexModification>
          <indexCancellation>CancellationAndPayment</indexCancellation>
          <indexDisruption>CalculationAgentAdjustment</indexDisruption>
        </indexAdjustmentEvents>
        <additionalDisruptionEvents>
          <changeInLaw>true</changeInLaw>
          <failureToDeliver>true</failureToDeliver>
          <insolvencyFiling>false</insolvencyFiling>
          <hedgingDisruption>true</hedgingDisruption>
          <lossOfStockBorrow>true</lossOfStockBorrow>
          <increasedCostOfStockBorrow>false</increasedCostOfStockBorrow>
          <increasedCostOfHedging>false</increasedCostOfHedging>
          <determiningPartyReference href="party1" />
        </additionalDisruptionEvents>
        <representations>
          <nonReliance>true</nonReliance>
          <agreementsRegardingHedging>true</agreementsRegardingHedging>
          <indexDisclaimer>true</indexDisclaimer>
          <additionalAcknowledgements>true</additionalAcknowledgements>
        </representations>
      </extraordinaryEvents>
      <strike>
        <strikePercentage>1.00</strikePercentage>
      </strike>
      <optionEntitlement>1.00</optionEntitlement>
      <equityPremium>
        <payerPartyReference href="party2" />
        <receiverPartyReference href="party1" />
        <paymentAmount>
          <currency>EUR</currency>
          <amount>400000</amount>
        </paymentAmount>
        <paymentDate>
          <unadjustedDate>2002-07-30</unadjustedDate>
          <dateAdjustments>
            <businessDayConvention>NONE</businessDayConvention>
          </dateAdjustments>
        </paymentDate>
        <percentageOfNotional>0.05</percentageOfNotional>
      </equityPremium>
    </equityOption>
    <calculationAgent>
      <calculationAgentPartyReference href="party1" />
    </calculationAgent>
    <documentation>
      <masterAgreement>
        <masterAgreementType>ISDA</masterAgreementType>
        <masterAgreementVersion>2002</masterAgreementVersion>
      </masterAgreement>
      <contractualDefinitions>ISDA2000</contractualDefinitions>
      <contractualDefinitions>ISDA2002Equity</contractualDefinitions>
    </documentation>
    <governingLaw>GBEN</governingLaw>
  </trade>
  <party id="party1">
    <partyId>Party A</partyId>
  </party>
  <party id="party2">
    <partyId>Party B</partyId>
  </party>
</confirmationAgreed>

