<?xml version="1.0" encoding="utf-8"?>
<!--View is confirmation-->
<!--Version is 5-3-->
<!--NS is http://www.fpml.org/FpML-5/confirmation-->
<!--
        == Copyright (c) 2002-2013 All rights reserved.
        == Financial Products Markup Language is subject to the FpML public license.
        == A copy of this license is available at http://www.fpml.org/license/license.html
-->
<dataDocument xmlns="http://www.fpml.org/FpML-5/confirmation" xmlns:xsi="http://www.w3.org/2001/XMLSchema-instance" fpmlVersion="5-3" xsi:schemaLocation="http://www.fpml.org/FpML-5/confirmation ../../fpml-main-5-3.xsd http://www.w3.org/2000/09/xmldsig# ../../xmldsig-core-schema.xsd">
  <trade>
    <tradeHeader>
      <partyTradeIdentifier>
        <partyReference href="partyA" />
        <tradeId tradeIdScheme="http://www.PartyA.com/com-trade-id">1234</tradeId>
      </partyTradeIdentifier>
      <partyTradeIdentifier>
        <partyReference href="partyB" />
        <tradeId tradeIdScheme="http://www.PartyB.com/com-trade-id">2345</tradeId>
      </partyTradeIdentifier>
      <tradeDate>2009-01-28</tradeDate>
    </tradeHeader>
    <commoditySwap>
      <effectiveDate>
        <adjustableDate>
          <unadjustedDate>2009-06-01</unadjustedDate>
          <dateAdjustments>
            <businessDayConvention>NotApplicable</businessDayConvention>
          </dateAdjustments>
        </adjustableDate>
      </effectiveDate>
      <terminationDate>
        <adjustableDate>
          <unadjustedDate>2009-06-30</unadjustedDate>
          <dateAdjustments>
            <businessDayConvention>NotApplicable</businessDayConvention>
          </dateAdjustments>
        </adjustableDate>
      </terminationDate>
      <settlementCurrency>EUR</settlementCurrency>
      <electricityPhysicalLeg>
        <payerPartyReference href="partyA" />
        <receiverPartyReference href="partyB" />
        <deliveryPeriods id="deliveryPeriods">
          <calculationPeriodsScheduleReference href="calculationPeriods" />
        </deliveryPeriods>
        <settlementPeriods id="settlementPeriods">
          <duration>30Minutes</duration>
          <applicableDay>MON</applicableDay>
          <applicableDay>TUE</applicableDay>
          <applicableDay>WED</applicableDay>
          <applicableDay>THU</applicableDay>
          <applicableDay>FRI</applicableDay>
          <startTime>
            <time>
              <hourMinuteTime>07:00:00</hourMinuteTime>
              <location>Europe/London</location>
            </time>
          </startTime>
          <endTime>
            <time>
              <hourMinuteTime>19:00:00</hourMinuteTime>
              <location>Europe/London</location>
            </time>
          </endTime>
          <excludeHolidays commodityBusinessCalendarScheme="http://www.fpml.org/coding-scheme/business-center">GBLO</excludeHolidays>
        </settlementPeriods>
        <electricity>
          <type>Electricity</type>
        </electricity>
        <deliveryConditions>
          <deliveryPoint deliveryPointScheme="http://www.etso-net.org/Activities/edi//eic/ars/area.htm">10YGB----------A</deliveryPoint>
        </deliveryConditions>
        <deliveryQuantity id="deliveryQuantity">
          <physicalQuantity>
            <quantityUnit>MWH</quantityUnit>
            <quantityFrequency>PerSettlementPeriod</quantityFrequency>
            <quantity>200.0</quantity>
            <settlementPeriodsReference href="settlementPeriods" />
          </physicalQuantity>
        </deliveryQuantity>
      </electricityPhysicalLeg>
      <fixedLeg>
        <payerPartyReference href="partyB" />
        <receiverPartyReference href="partyA" />
        <calculationPeriodsSchedule id="calculationPeriods">
          <periodMultiplier>1</periodMultiplier>
          <period>M</period>
          <balanceOfFirstPeriod>false</balanceOfFirstPeriod>
        </calculationPeriodsSchedule>
        <settlementPeriodsPrice>
          <price>55.0</price>
          <priceCurrency>GBP</priceCurrency>
          <priceUnit>MWH</priceUnit>
          <settlementPeriodsReference href="settlementPeriods" />
        </settlementPeriodsPrice>
        <quantityReference href="deliveryQuantity" />
        <masterAgreementPaymentDates>true</masterAgreementPaymentDates>
      </fixedLeg>
    </commoditySwap>
  </trade>
  <party id="partyA">
    <partyId>Party_A_BIC_CODE</partyId>
    <partyName>Bank</partyName>
  </party>
  <party id="partyB">
    <partyId>Party_B_BIC_CODE</partyId>
    <partyName>Energy Co.</partyName>
  </party>
</dataDocument>

