<?xml version="1.0" encoding="utf-8"?>
<!--View is confirmation-->
<!--Version is 5-3-->
<!--NS is http://www.fpml.org/FpML-5/confirmation-->
<!--
        == Copyright (c) 2002-2013 All rights reserved.
        == Financial Products Markup Language is subject to the FpML public license.
        == A copy of this license is available at http://www.fpml.org/license/license.html
-->
<dataDocument xmlns="http://www.fpml.org/FpML-5/confirmation" xmlns:xsi="http://www.w3.org/2001/XMLSchema-instance" fpmlVersion="5-3" xsi:schemaLocation="http://www.fpml.org/FpML-5/confirmation ../../fpml-main-5-3.xsd http://www.w3.org/2000/09/xmldsig# ../../xmldsig-core-schema.xsd">
  <trade>
    <tradeHeader>
      <partyTradeIdentifier>
        <partyReference href="partyA" />
        <tradeId tradeIdScheme="http://www.PartyA.com/com-trade-id">1234</tradeId>
      </partyTradeIdentifier>
      <partyTradeIdentifier>
        <partyReference href="partyB" />
        <tradeId tradeIdScheme="http://www.PartyB.com/com-trade-id">2345</tradeId>
      </partyTradeIdentifier>
      <tradeDate>2009-04-22</tradeDate>
    </tradeHeader>
    <commoditySwaption>
      <buyerPartyReference href="partyA" />
      <sellerPartyReference href="partyB" />
      <optionType>Call</optionType>
      <commoditySwap>
        <effectiveDate id="physicalEffectiveDate">
          <adjustableDate>
            <unadjustedDate>2010-01-01</unadjustedDate>
            <dateAdjustments>
              <businessDayConvention>NONE</businessDayConvention>
            </dateAdjustments>
          </adjustableDate>
        </effectiveDate>
        <terminationDate id="physicalTerminationDate">
          <adjustableDate>
            <unadjustedDate>2010-12-31</unadjustedDate>
            <dateAdjustments>
              <businessDayConvention>NONE</businessDayConvention>
            </dateAdjustments>
          </adjustableDate>
        </terminationDate>
        <settlementCurrency>USD</settlementCurrency>
        <fixedLeg>
          <payerPartyReference href="partyA" />
          <receiverPartyReference href="partyB" />
          <calculationPeriodsSchedule id="calculationPeriodsSchedule">
            <periodMultiplier>1</periodMultiplier>
            <period>M</period>
            <balanceOfFirstPeriod>false</balanceOfFirstPeriod>
          </calculationPeriodsSchedule>
          <fixedPrice>
            <price>45.6</price>
            <priceCurrency>USD</priceCurrency>
            <priceUnit>MMBTU</priceUnit>
          </fixedPrice>
          <quantityReference href="deliveryQuantity" />
          <masterAgreementPaymentDates>true</masterAgreementPaymentDates>
        </fixedLeg>
        <gasPhysicalLeg>
          <payerPartyReference href="partyB" />
          <receiverPartyReference href="partyA" />
          <deliveryPeriods>
            <calculationPeriodsScheduleReference href="calculationPeriodsSchedule" />
          </deliveryPeriods>
          <gas>
            <type>NaturalGas</type>
          </gas>
          <deliveryConditions>
            <deliveryPoint deliveryPointScheme="http://deliverypointscheme">TETCO M2 Zone</deliveryPoint>
            <deliveryType>Firm</deliveryType>
          </deliveryConditions>
          <deliveryQuantity id="deliveryQuantity">
            <physicalQuantity>
              <quantityUnit>MMBTU</quantityUnit>
              <quantityFrequency>PerCalendarDay</quantityFrequency>
              <quantity>100.0</quantity>
            </physicalQuantity>
            <totalPhysicalQuantity>
              <quantityUnit>MMBTU</quantityUnit>
              <quantity>36500.0</quantity>
            </totalPhysicalQuantity>
          </deliveryQuantity>
        </gasPhysicalLeg>
      </commoditySwap>
      <physicalExercise>
        <europeanExercise>
          <expirationDates>
            <periodicDates>
              <calculationStartDate>
                <relativeDate>
                  <periodMultiplier>-5</periodMultiplier>
                  <period>D</period>
                  <dayType>CurrencyBusiness</dayType>
                  <businessDayConvention>NONE</businessDayConvention>
                  <dateRelativeTo href="physicalEffectiveDate" />
                </relativeDate>
              </calculationStartDate>
              <calculationEndDate>
                <relativeDate>
                  <periodMultiplier>-5</periodMultiplier>
                  <period>D</period>
                  <dayType>CurrencyBusiness</dayType>
                  <businessDayConvention>NONE</businessDayConvention>
                  <dateRelativeTo href="physicalTerminationDate" />
                </relativeDate>
              </calculationEndDate>
              <calculationPeriodFrequency>
                <periodMultiplier>1</periodMultiplier>
                <period>M</period>
                <rollConvention>NONE</rollConvention>
              </calculationPeriodFrequency>
              <calculationPeriodDatesAdjustments>
                <businessDayConvention>MODFOLLOWING</businessDayConvention>
              </calculationPeriodDatesAdjustments>
            </periodicDates>
          </expirationDates>
        </europeanExercise>
        <automaticExercise>false</automaticExercise>
        <writtenConfirmation>false</writtenConfirmation>
      </physicalExercise>
      <premium>
        <payerPartyReference href="partyA" />
        <receiverPartyReference href="partyB" />
        <paymentDate>
          <adjustableDate>
            <unadjustedDate>2009-04-24</unadjustedDate>
            <dateAdjustments>
              <businessDayConvention>FOLLOWING</businessDayConvention>
            </dateAdjustments>
          </adjustableDate>
        </paymentDate>
        <paymentAmount>
          <currency>USD</currency>
          <amount>36500.0</amount>
        </paymentAmount>
        <premiumPerUnit>
          <currency>USD</currency>
          <amount>1.0</amount>
        </premiumPerUnit>
      </premium>
    </commoditySwaption>
  </trade>
  <party id="partyA">
    <partyId>Party_A_BIC_CODE</partyId>
    <partyName>Bank</partyName>
  </party>
  <party id="partyB">
    <partyId>Party_B_BIC_CODE</partyId>
    <partyName>Energy Co.</partyName>
  </party>
</dataDocument>

