<?xml version="1.0" encoding="utf-8"?>
<!--View is confirmation-->
<!--Version is 5-12-->
<!--NS is http://www.fpml.org/FpML-5/confirmation-->
<!--
  == Copyright (c) 2021 All rights reserved.
  == Financial Products Markup Language is subject to the FpML public license.
  == A copy of this license is available at http://www.fpml.org/license/license.html
  -->
<dataDocument xmlns="http://www.fpml.org/FpML-5/confirmation" xmlns:xsi="http://www.w3.org/2001/XMLSchema-instance" fpmlVersion="5-12" xsi:schemaLocation="http://www.fpml.org/FpML-5/confirmation ../../fpml-main-5-12.xsd http://www.w3.org/2000/09/xmldsig# ../../xmldsig-core-schema.xsd">
  <trade>
    <tradeHeader>
      <partyTradeIdentifier>
        <partyReference href="partyA" />
        <tradeId tradeIdScheme="http://www.partyA.com/swaps/trade-id">FpML-test-7</tradeId>
      </partyTradeIdentifier>
      <tradeDate>2021-08-13</tradeDate>
    </tradeHeader>
    <swap>
      <productType>InterestRate::VanillaSwap</productType>
      <swapStream id="InterestRateSwap-64209468-Floating-leg-2">
        <payerPartyReference href="partyB" />
        <receiverPartyReference href="partyA" />
        <calculationPeriodDates id="calculationPeriodDates-64209468-677">
          <effectiveDate>
            <unadjustedDate>2021-08-16</unadjustedDate>
            <dateAdjustments>
              <businessDayConvention>NONE</businessDayConvention>
              <businessCenters>
                <businessCenter>GBLO</businessCenter>
              </businessCenters>
            </dateAdjustments>
          </effectiveDate>
          <terminationDate id="terminationDate-64209468-678">
            <unadjustedDate>2024-08-16</unadjustedDate>
            <dateAdjustments>
              <businessDayConvention>MODFOLLOWING</businessDayConvention>
              <businessCenters>
                <businessCenter>GBLO</businessCenter>
              </businessCenters>
            </dateAdjustments>
          </terminationDate>
          <calculationPeriodDatesAdjustments>
            <businessDayConvention>NONE</businessDayConvention>
            <businessCenters>
              <businessCenter>GBLO</businessCenter>
            </businessCenters>
          </calculationPeriodDatesAdjustments>
          <calculationPeriodFrequency>
            <periodMultiplier>1</periodMultiplier>
            <period>M</period>
            <rollConvention>16</rollConvention>
          </calculationPeriodFrequency>
        </calculationPeriodDates>
        <paymentDates>
          <calculationPeriodDatesReference href="calculationPeriodDates-64209468-677" />
          <paymentFrequency>
            <periodMultiplier>1</periodMultiplier>
            <period>M</period>
          </paymentFrequency>
          <payRelativeTo>CalculationPeriodEndDate</payRelativeTo>
          <paymentDaysOffset>
            <periodMultiplier>1</periodMultiplier>
            <period>D</period>
            <dayType>Business</dayType>
          </paymentDaysOffset>
          <paymentDatesAdjustments>
            <businessDayConvention>MODFOLLOWING</businessDayConvention>
            <businessCenters>
              <businessCenter>GBLO</businessCenter>
            </businessCenters>
          </paymentDatesAdjustments>
        </paymentDates>
        <calculationPeriodAmount>
          <calculation>
            <notionalSchedule>
              <notionalStepSchedule>
                <initialValue>3672000000</initialValue>
                <currency>GBP</currency>
              </notionalStepSchedule>
            </notionalSchedule>
            <floatingRateCalculation>
              <floatingRateIndex>GBP-SONIA Compounded Index</floatingRateIndex>
              <calculationParameters>
                <calculationMethod>CompoundedIndex</calculationMethod>
                <applicableBusinessDays>
                  <businessCenters>
                    <businessCenter>GBLO</businessCenter>
                  </businessCenters>
                </applicableBusinessDays>
                <observationShift>
                  <offsetDays>5</offsetDays>
                  <observationPeriodDates>Standard</observationPeriodDates>
                  <additionalBusinessDays>
                    <businessCenters>
                      <businessCenter>GBLO</businessCenter>
                    </businessCenters>
                  </additionalBusinessDays>
                </observationShift>
                <observationCapRate>0.02</observationCapRate>
              </calculationParameters>
            </floatingRateCalculation>
            <dayCountFraction>ACT/365.FIXED</dayCountFraction>
          </calculation>
        </calculationPeriodAmount>
      </swapStream>
      <swapStream id="InterestRateSwap-64209468-Fixed-leg-1">
        <payerPartyReference href="partyA" />
        <receiverPartyReference href="partyB" />
        <calculationPeriodDates id="calculationPeriodDates-64209468-681">
          <effectiveDate>
            <unadjustedDate>2021-08-16</unadjustedDate>
            <dateAdjustments>
              <businessDayConvention>NONE</businessDayConvention>
              <businessCenters>
                <businessCenter>GBLO</businessCenter>
              </businessCenters>
            </dateAdjustments>
          </effectiveDate>
          <terminationDate id="terminationDate-64209468-682">
            <unadjustedDate>2024-08-16</unadjustedDate>
            <dateAdjustments>
              <businessDayConvention>MODFOLLOWING</businessDayConvention>
              <businessCenters>
                <businessCenter>GBLO</businessCenter>
              </businessCenters>
            </dateAdjustments>
          </terminationDate>
          <calculationPeriodDatesAdjustments>
            <businessDayConvention>NONE</businessDayConvention>
            <businessCenters>
              <businessCenter>GBLO</businessCenter>
            </businessCenters>
          </calculationPeriodDatesAdjustments>
          <calculationPeriodFrequency>
            <periodMultiplier>1</periodMultiplier>
            <period>M</period>
            <rollConvention>16</rollConvention>
          </calculationPeriodFrequency>
        </calculationPeriodDates>
        <paymentDates>
          <calculationPeriodDatesReference href="calculationPeriodDates-64209468-681" />
          <paymentFrequency>
            <periodMultiplier>1</periodMultiplier>
            <period>M</period>
          </paymentFrequency>
          <payRelativeTo>CalculationPeriodEndDate</payRelativeTo>
          <paymentDaysOffset>
            <periodMultiplier>1</periodMultiplier>
            <period>D</period>
            <dayType>Business</dayType>
          </paymentDaysOffset>
          <paymentDatesAdjustments>
            <businessDayConvention>MODFOLLOWING</businessDayConvention>
            <businessCenters>
              <businessCenter>GBLO</businessCenter>
            </businessCenters>
          </paymentDatesAdjustments>
        </paymentDates>
        <calculationPeriodAmount>
          <calculation>
            <notionalSchedule>
              <notionalStepSchedule>
                <initialValue>3672000000</initialValue>
                <currency>GBP</currency>
              </notionalStepSchedule>
            </notionalSchedule>
            <fixedRateSchedule>
              <initialValue>0.002</initialValue>
            </fixedRateSchedule>
            <dayCountFraction>ACT/365.FIXED</dayCountFraction>
          </calculation>
        </calculationPeriodAmount>
      </swapStream>
    </swap>
    <calculationAgent>
      <calculationAgentPartyReference href="partyA" />
    </calculationAgent>
    <documentation>
      <contractualDefinitions>ISDA2021</contractualDefinitions>
    </documentation>
  </trade>
  <party id="partyA">
    <partyId partyIdScheme="http://www.fpml.org/coding-scheme/external/iso17442">549300ABANKV6BYQOWM67</partyId>
    <partyName>A BANK("ABANK")</partyName>
  </party>
  <party id="partyB">
    <partyId partyIdScheme="http://www.fpml.org/coding-scheme/external/iso17442">529900CPTY57S5UCBB52</partyId>
    <partyName>SELL SECURITIES CO LTD ("Counterparty")</partyName>
  </party>
  <party id="dco">
    <partyId partyIdScheme="http://www.fpml.org/coding-scheme/external/iso17442">123456QQQQ57S5UCBB11</partyId>
    <partyName>ABC CENTRAL PARTY CLEARING SVC LTD</partyName>
  </party>
</dataDocument>

