<?xml version="1.0" encoding="utf-8"?>
<!--View is confirmation-->
<!--Version is 5-12-->
<!--NS is http://www.fpml.org/FpML-5/confirmation-->
<!--
        == Copyright (c) 2021 All rights reserved.
        == Financial Products Markup Language is subject to the FpML public license.
        == A copy of this license is available at http://www.fpml.org/license/license.html
-->
<executionNotification xmlns="http://www.fpml.org/FpML-5/confirmation" xmlns:xsi="http://www.w3.org/2001/XMLSchema-instance" fpmlVersion="5-12" xsi:schemaLocation="http://www.fpml.org/FpML-5/confirmation ../../fpml-main-5-12.xsd http://www.w3.org/2000/09/xmldsig# ../../xmldsig-core-schema.xsd">
  <header>
    <messageId messageIdScheme="http://www.lchclearnet.com/clearlink/coding-scheme/message-id">LCH00000000001</messageId>
    <sentBy messageAddressScheme="http://www.lchclearnet.com/clearlink/coding-scheme/party-id">LCHLGB2L</sentBy>
    <sendTo messageAddressScheme="http://www.lchclearnet.com/clearlink/coding-scheme/party-id">LCHLGB2L</sendTo>
    <creationTimestamp>2020-12-17T09:10:11.3176666</creationTimestamp>
  </header>
  <isCorrection>false</isCorrection>
  <correlationId correlationIdScheme="http://www.lchclearnet.com/clearlink/coding-scheme/correlation-id">LCH00000000001</correlationId>
  <sequenceNumber>1</sequenceNumber>
  <originatingEvent originatingEventScheme="http://www.lchclearnet.com/clearlink/coding-scheme/originating-event">Trade</originatingEvent>
  <trade>
    <tradeHeader>
      <partyTradeIdentifier>
        <partyReference href="tradeSource" />
        <tradeId tradeIdScheme="http://www.lchclearnet.com/clearlink/coding-scheme/trade-id">1-2</tradeId>
        <tradeId tradeIdScheme="http://www.lchclearnet.com/clearlink/coding-scheme/alpha-trade-id">11111111</tradeId>
      </partyTradeIdentifier>
      <partyTradeIdentifier>
        <partyReference href="party1" />
        <tradeId tradeIdScheme="http://www.lchclearnet.com/clearlink/coding-scheme/trade-id">abc123</tradeId>
      </partyTradeIdentifier>
      <partyTradeIdentifier>
        <partyReference href="clearingDCO" />
        <tradeId tradeIdScheme="http://www.lchclearnet.com/clearlink/coding-scheme/trade-id">LCH00000000001</tradeId>
        <tradeId tradeIdScheme="http://www.lchclearnet.com/clearlink/coding-scheme/trade-classification">STM</tradeId>
      </partyTradeIdentifier>
      <partyTradeIdentifier>
        <issuer issuerIdScheme="USINamespace">1010000051</issuer>
        <tradeId tradeIdScheme="USI">XX11111111XXX1111111111111111111</tradeId>
      </partyTradeIdentifier>
      <partyTradeIdentifier>
        <issuer issuerIdScheme="http://www.fpml.org/coding-scheme/external/issuer-identifier">1010000051</issuer>
        <tradeId tradeIdScheme="http://www.fpml.org/coding-scheme/external/unique-transaction-identifier">XX11111111XXX1111111111111111111</tradeId>
      </partyTradeIdentifier>
      <partyTradeInformation>
        <partyReference href="party1" />
        <relatedParty>
          <partyReference href="clearingBroker1" />
          <role>ClearingBroker</role>
        </relatedParty>
        <relatedParty>
          <partyReference href="tradeSource" />
          <role>TradeSource</role>
        </relatedParty>
        <category categoryScheme="http://www.lchclearnet.com/clearlink/coding-schema/category">NettingNotPermitted</category>
        <executionDateTime>2015-03-05T09:10:11Z</executionDateTime>
        <executionVenueType>OffFacility</executionVenueType>
      </partyTradeInformation>
      <partyTradeInformation>
        <partyReference href="clearingDCO" />
        <category categoryScheme="http://www.lchclearnet.com/clearlink/coding-schema/category">T2</category>
        <category categoryScheme="http://www.lchclearnet.com/clearlink/coding-schema/category">New</category>
        <timestamps>
          <timestamp>
            <type>GatewayReceivedDateTime</type>
            <value>2015-03-06T09:10:11</value>
          </timestamp>
          <timestamp>
            <type>LastPaymentDate</type>
            <value>2052-06-28T09:10:11</value>
          </timestamp>
          <timestamp>
            <type>OriginalRegistrationDateTime</type>
            <value>2015-03-06T09:10:11</value>
          </timestamp>
        </timestamps>
        <clearingStatus>Received</clearingStatus>
        <reportingRegime>
          <name>DF</name>
          <supervisorRegistration>
            <supervisoryBody>DTCC</supervisoryBody>
          </supervisorRegistration>
        </reportingRegime>
        <reportingRegime>
          <name>ESMA</name>
          <supervisorRegistration>
            <supervisoryBody>EMIR</supervisoryBody>
          </supervisorRegistration>
        </reportingRegime>
      </partyTradeInformation>
      <partyTradeInformation>
        <partyReference href="tradeSource" />
        <reportingRegime>
          <name>DF</name>
          <supervisorRegistration>
            <supervisoryBody>CFTC</supervisoryBody>
          </supervisorRegistration>
        </reportingRegime>
      </partyTradeInformation>
      <tradeDate>2010-07-06</tradeDate>
    </tradeHeader>
    <swap>
      <primaryAssetClass>InterestRate</primaryAssetClass>
      <productType>InterestRate:IRSwap:FixedFloat</productType>
      <swapStream id="fixedLeg1">
        <payerPartyReference href="party2" />
        <receiverPartyReference href="party1" />
        <calculationPeriodDates id="fixedCalcPeriodDates1">
          <effectiveDate>
            <unadjustedDate>2051-06-30</unadjustedDate>
            <dateAdjustments>
              <businessDayConvention>NONE</businessDayConvention>
            </dateAdjustments>
            <adjustedDate>2051-06-30</adjustedDate>
          </effectiveDate>
          <terminationDate>
            <unadjustedDate>2052-06-30</unadjustedDate>
            <dateAdjustments>
              <businessDayConvention>MODFOLLOWING</businessDayConvention>
              <businessCenters>
                <businessCenter>GBLO</businessCenter>
              </businessCenters>
            </dateAdjustments>
            <adjustedDate>2052-06-28</adjustedDate>
          </terminationDate>
          <calculationPeriodDatesAdjustments>
            <businessDayConvention>MODFOLLOWING</businessDayConvention>
            <businessCenters>
              <businessCenter>GBLO</businessCenter>
            </businessCenters>
          </calculationPeriodDatesAdjustments>
          <calculationPeriodFrequency>
            <periodMultiplier>1</periodMultiplier>
            <period>T</period>
            <rollConvention>NONE</rollConvention>
          </calculationPeriodFrequency>
        </calculationPeriodDates>
        <paymentDates id="paymentDates1">
          <calculationPeriodDatesReference href="fixedCalcPeriodDates1" />
          <paymentFrequency>
            <periodMultiplier>1</periodMultiplier>
            <period>T</period>
          </paymentFrequency>
          <payRelativeTo>CalculationPeriodEndDate</payRelativeTo>
          <paymentDatesAdjustments>
            <businessDayConvention>MODFOLLOWING</businessDayConvention>
            <businessCenters>
              <businessCenter>GBLO</businessCenter>
            </businessCenters>
          </paymentDatesAdjustments>
        </paymentDates>
        <calculationPeriodAmount>
          <calculation>
            <notionalSchedule>
              <notionalStepSchedule>
                <initialValue>9000000</initialValue>
                <currency>GBP</currency>
              </notionalStepSchedule>
            </notionalSchedule>
            <fixedRateSchedule>
              <initialValue>0.040610</initialValue>
            </fixedRateSchedule>
            <dayCountFraction>ACT/365.FIXED</dayCountFraction>
          </calculation>
        </calculationPeriodAmount>
      </swapStream>
      <swapStream id="floatingLeg2">
        <payerPartyReference href="party1" />
        <receiverPartyReference href="party2" />
        <calculationPeriodDates id="floatingCalcPeriodDates2">
          <effectiveDate>
            <unadjustedDate>2051-06-30</unadjustedDate>
            <dateAdjustments>
              <businessDayConvention>NONE</businessDayConvention>
            </dateAdjustments>
            <adjustedDate>2051-06-30</adjustedDate>
          </effectiveDate>
          <terminationDate>
            <unadjustedDate>2052-06-30</unadjustedDate>
            <dateAdjustments>
              <businessDayConvention>MODFOLLOWING</businessDayConvention>
              <businessCenters>
                <businessCenter>GBLO</businessCenter>
              </businessCenters>
            </dateAdjustments>
            <adjustedDate>2052-06-28</adjustedDate>
          </terminationDate>
          <calculationPeriodDatesAdjustments>
            <businessDayConvention>MODFOLLOWING</businessDayConvention>
            <businessCenters>
              <businessCenter>GBLO</businessCenter>
            </businessCenters>
          </calculationPeriodDatesAdjustments>
          <calculationPeriodFrequency>
            <periodMultiplier>3</periodMultiplier>
            <period>M</period>
            <rollConvention>30</rollConvention>
          </calculationPeriodFrequency>
        </calculationPeriodDates>
        <paymentDates id="paymentDates2">
          <calculationPeriodDatesReference href="floatingCalcPeriodDates2" />
          <paymentFrequency>
            <periodMultiplier>1</periodMultiplier>
            <period>T</period>
          </paymentFrequency>
          <payRelativeTo>CalculationPeriodEndDate</payRelativeTo>
          <paymentDatesAdjustments>
            <businessDayConvention>MODFOLLOWING</businessDayConvention>
            <businessCenters>
              <businessCenter>GBLO</businessCenter>
            </businessCenters>
          </paymentDatesAdjustments>
        </paymentDates>
        <resetDates id="resetDates2">
          <calculationPeriodDatesReference href="floatingCalcPeriodDates2" />
          <resetRelativeTo>CalculationPeriodStartDate</resetRelativeTo>
          <fixingDates id="fixingDates2">
            <periodMultiplier>0</periodMultiplier>
            <period>D</period>
            <businessDayConvention>PRECEDING</businessDayConvention>
            <businessCenters>
              <businessCenter>GBLO</businessCenter>
            </businessCenters>
            <dateRelativeTo href="resetDates2" />
          </fixingDates>
          <resetFrequency>
            <periodMultiplier>3</periodMultiplier>
            <period>M</period>
          </resetFrequency>
          <resetDatesAdjustments>
            <businessDayConvention>MODFOLLOWING</businessDayConvention>
            <businessCenters>
              <businessCenter>GBLO</businessCenter>
            </businessCenters>
          </resetDatesAdjustments>
        </resetDates>
        <calculationPeriodAmount>
          <calculation>
            <notionalSchedule>
              <notionalStepSchedule>
                <initialValue>9000000</initialValue>
                <currency>GBP</currency>
              </notionalStepSchedule>
            </notionalSchedule>
            <floatingRateCalculation>
              <floatingRateIndex>GBP-LIBOR-BBA</floatingRateIndex>
              <indexTenor>
                <periodMultiplier>3</periodMultiplier>
                <period>M</period>
              </indexTenor>
            </floatingRateCalculation>
            <dayCountFraction>ACT/365.FIXED</dayCountFraction>
            <compoundingMethod>Flat</compoundingMethod>
          </calculation>
        </calculationPeriodAmount>
      </swapStream>
    </swap>
    <documentation>
      <masterAgreement>
        <masterAgreementType>ISDA</masterAgreementType>
      </masterAgreement>
      <contractualDefinitions>ISDA2006</contractualDefinitions>
    </documentation>
  </trade>
  <party id="party1">
    <partyId partyIdScheme="http://www.lchclearnet.com/clearlink/coding-scheme/murex-portfolio-id">XXX_H_XXX</partyId>
  </party>
  <party id="party2">
    <partyId partyIdScheme="http://www.lchclearnet.com/clearlink/coding-scheme/murex-counterparty-id">LCHLGB2L</partyId>
  </party>
  <party id="clearingDCO">
    <partyId partyIdScheme="http://www.lchclearnet.com/clearlink/coding-scheme/party-id">LCHLGB2L</partyId>
  </party>
  <party id="clearingBroker1">
    <partyId partyIdScheme="http://www.lchclearnet.com/clearlink/coding-scheme/party-id">XXX</partyId>
  </party>
  <party id="tradeSource">
    <partyId partyIdScheme="http://www.lchclearnet.com/clearlink/coding-scheme/party-id">SWAPSWIRE</partyId>
  </party>
</executionNotification>

