<?xml version="1.0" encoding="utf-8"?>
<!--View is confirmation-->
<!--Version is 5-12-->
<!--NS is http://www.fpml.org/FpML-5/confirmation-->
<!--
  == Copyright (c) 2021 All rights reserved.
  == Financial Products Markup Language is subject to the FpML public license.
  == A copy of this license is available at http://www.fpml.org/license/license.html
  -->
<!--Swaption GBP RFR 1m into 30year Cleared Physical with MET-->
<dataDocument xmlns="http://www.fpml.org/FpML-5/confirmation" xmlns:xsi="http://www.w3.org/2001/XMLSchema-instance" fpmlVersion="5-12" xsi:schemaLocation="http://www.fpml.org/FpML-5/confirmation ../../fpml-main-5-12.xsd http://www.w3.org/2000/09/xmldsig# ../../xmldsig-core-schema.xsd">
  <trade>
    <tradeHeader>
      <partyTradeIdentifier>
        <partyReference href="partyA" />
        <tradeId tradeIdScheme="http://www.swapswire.com/spec/2001/trade-id-1-0">62546871</tradeId>
      </partyTradeIdentifier>
      <partyTradeIdentifier>
        <partyReference href="partyB" />
        <tradeId tradeIdScheme="http://www.swapswire.com/spec/2001/trade-id-1-0">62546871</tradeId>
      </partyTradeIdentifier>
      <tradeDate>2021-08-30</tradeDate>
    </tradeHeader>
    <swaption>
      <buyerPartyReference href="partyB" />
      <sellerPartyReference href="partyA" />
      <premium>
        <payerPartyReference href="partyB" />
        <receiverPartyReference href="partyA" />
        <paymentAmount>
          <currency>GBP</currency>
          <amount>220000</amount>
        </paymentAmount>
        <paymentDate>
          <unadjustedDate>2021-08-31</unadjustedDate>
          <dateAdjustments>
            <businessDayConvention>FOLLOWING</businessDayConvention>
            <businessCenters>
              <businessCenter>GBLO</businessCenter>
            </businessCenters>
          </dateAdjustments>
        </paymentDate>
      </premium>
      <europeanExercise id="exercisePeriod">
        <expirationDate>
          <adjustableDate>
            <unadjustedDate>2021-09-30</unadjustedDate>
            <dateAdjustments>
              <businessDayConvention>FOLLOWING</businessDayConvention>
              <businessCenters>
                <businessCenter>GBLO</businessCenter>
              </businessCenters>
            </dateAdjustments>
          </adjustableDate>
        </expirationDate>
        <earliestExerciseTime>
          <hourMinuteTime>09:00:00</hourMinuteTime>
          <businessCenter>GBLO</businessCenter>
        </earliestExerciseTime>
        <expirationTime>
          <hourMinuteTime>11:00:00</hourMinuteTime>
          <businessCenter>GBLO</businessCenter>
        </expirationTime>
      </europeanExercise>
      <exerciseProcedure>
        <manualExercise>
          <fallbackExercise>true</fallbackExercise>
        </manualExercise>
        <followUpConfirmation>false</followUpConfirmation>
      </exerciseProcedure>
      <calculationAgent>
        <calculationAgentPartyReference href="partyA" />
      </calculationAgent>
      <physicalSettlement>
        <clearedPhysicalSettlement>true</clearedPhysicalSettlement>
        <mutuallyAgreedClearinghouse>
          <identifier idScheme="http://www.fpml.org/coding-scheme/external/iso9362">LCHLGB22REF</identifier>
        </mutuallyAgreedClearinghouse>
        <agreedDiscountRate>SONIA</agreedDiscountRate>
        <settlementRateSource>
          <informationSource>
            <rateSource>ICESWAP</rateSource>
          </informationSource>
        </settlementRateSource>
        <quotationRateType>Mid</quotationRateType>
      </physicalSettlement>
      <swaptionStraddle>false</swaptionStraddle>
      <swap>
        <swapStream id="floatingLeg">
          <payerPartyReference href="partyA" />
          <receiverPartyReference href="partyB" />
          <calculationPeriodDates id="floatingLegCalcPeriodDates">
            <effectiveDate>
              <unadjustedDate>2021-09-30</unadjustedDate>
              <dateAdjustments>
                <businessDayConvention>NONE</businessDayConvention>
              </dateAdjustments>
            </effectiveDate>
            <terminationDate>
              <unadjustedDate>2051-09-30</unadjustedDate>
              <dateAdjustments>
                <businessDayConvention>MODFOLLOWING</businessDayConvention>
                <businessCenters>
                  <businessCenter>GBLO</businessCenter>
                </businessCenters>
              </dateAdjustments>
            </terminationDate>
            <calculationPeriodDatesAdjustments>
              <businessDayConvention>MODFOLLOWING</businessDayConvention>
              <businessCenters>
                <businessCenter>GBLO</businessCenter>
              </businessCenters>
            </calculationPeriodDatesAdjustments>
            <calculationPeriodFrequency>
              <periodMultiplier>1</periodMultiplier>
              <period>Y</period>
              <rollConvention>30</rollConvention>
            </calculationPeriodFrequency>
          </calculationPeriodDates>
          <paymentDates id="floatingLegPaymentDates">
            <calculationPeriodDatesReference href="floatingLegCalcPeriodDates" />
            <paymentFrequency>
              <periodMultiplier>1</periodMultiplier>
              <period>Y</period>
            </paymentFrequency>
            <payRelativeTo>CalculationPeriodEndDate</payRelativeTo>
            <paymentDatesAdjustments>
              <businessDayConvention>MODFOLLOWING</businessDayConvention>
              <businessCenters>
                <businessCenter>GBLO</businessCenter>
              </businessCenters>
            </paymentDatesAdjustments>
          </paymentDates>
          <resetDates id="floatingLegResetDates">
            <calculationPeriodDatesReference href="floatingLegCalcPeriodDates" />
            <resetRelativeTo>CalculationPeriodEndDate</resetRelativeTo>
            <fixingDates>
              <periodMultiplier>0</periodMultiplier>
              <period>D</period>
              <businessDayConvention>PRECEDING</businessDayConvention>
              <businessCenters>
                <businessCenter>GBLO</businessCenter>
              </businessCenters>
              <dateRelativeTo href="floatingLegResetDates" />
            </fixingDates>
            <resetFrequency>
              <periodMultiplier>1</periodMultiplier>
              <period>Y</period>
            </resetFrequency>
            <resetDatesAdjustments>
              <businessDayConvention>MODFOLLOWING</businessDayConvention>
              <businessCenters>
                <businessCenter>GBLO</businessCenter>
              </businessCenters>
            </resetDatesAdjustments>
          </resetDates>
          <calculationPeriodAmount>
            <calculation>
              <notionalSchedule>
                <notionalStepSchedule>
                  <initialValue>10000000</initialValue>
                  <currency>GBP</currency>
                </notionalStepSchedule>
              </notionalSchedule>
              <floatingRateCalculation>
                <floatingRateIndex>GBP-SONIA-OIS Compound</floatingRateIndex>
              </floatingRateCalculation>
              <dayCountFraction>ACT/365.FIXED</dayCountFraction>
            </calculation>
          </calculationPeriodAmount>
        </swapStream>
        <swapStream id="fixedLeg">
          <payerPartyReference href="partyB" />
          <receiverPartyReference href="partyA" />
          <calculationPeriodDates id="fixedLegCalcPeriodDates">
            <effectiveDate>
              <unadjustedDate>2021-09-30</unadjustedDate>
              <dateAdjustments>
                <businessDayConvention>NONE</businessDayConvention>
              </dateAdjustments>
            </effectiveDate>
            <terminationDate>
              <unadjustedDate>2051-09-30</unadjustedDate>
              <dateAdjustments>
                <businessDayConvention>MODFOLLOWING</businessDayConvention>
                <businessCenters>
                  <businessCenter>GBLO</businessCenter>
                </businessCenters>
              </dateAdjustments>
            </terminationDate>
            <calculationPeriodDatesAdjustments>
              <businessDayConvention>MODFOLLOWING</businessDayConvention>
              <businessCenters>
                <businessCenter>GBLO</businessCenter>
              </businessCenters>
            </calculationPeriodDatesAdjustments>
            <calculationPeriodFrequency>
              <periodMultiplier>1</periodMultiplier>
              <period>Y</period>
              <rollConvention>30</rollConvention>
            </calculationPeriodFrequency>
          </calculationPeriodDates>
          <paymentDates id="fixedLegPaymentDates">
            <calculationPeriodDatesReference href="fixedLegCalcPeriodDates" />
            <paymentFrequency>
              <periodMultiplier>1</periodMultiplier>
              <period>Y</period>
            </paymentFrequency>
            <payRelativeTo>CalculationPeriodEndDate</payRelativeTo>
            <paymentDatesAdjustments>
              <businessDayConvention>MODFOLLOWING</businessDayConvention>
              <businessCenters>
                <businessCenter>GBLO</businessCenter>
              </businessCenters>
            </paymentDatesAdjustments>
          </paymentDates>
          <calculationPeriodAmount>
            <calculation>
              <notionalSchedule>
                <notionalStepSchedule>
                  <initialValue>10000000</initialValue>
                  <currency>GBP</currency>
                </notionalStepSchedule>
              </notionalSchedule>
              <fixedRateSchedule>
                <initialValue>0.0075</initialValue>
              </fixedRateSchedule>
              <dayCountFraction>ACT/365.FIXED</dayCountFraction>
            </calculation>
          </calculationPeriodAmount>
        </swapStream>
        <earlyTerminationProvision>
          <mandatoryEarlyTermination>
            <mandatoryEarlyTerminationDate id="mandatoryEarlyTerminationDate">
              <unadjustedDate>2021-09-29</unadjustedDate>
              <dateAdjustments>
                <businessDayConvention>MODFOLLOWING</businessDayConvention>
                <businessCenters>
                  <businessCenter>GBLO</businessCenter>
                </businessCenters>
              </dateAdjustments>
            </mandatoryEarlyTerminationDate>
            <calculationAgent>
              <calculationAgentParty>AsSpecifiedInMasterAgreement</calculationAgentParty>
            </calculationAgent>
            <cashSettlement>
              <cashSettlementValuationTime>
                <hourMinuteTime>09:00:00</hourMinuteTime>
                <businessCenter>GBLO</businessCenter>
              </cashSettlementValuationTime>
              <cashSettlementValuationDate>
                <periodMultiplier>-2</periodMultiplier>
                <period>D</period>
                <dayType>Business</dayType>
                <businessDayConvention>NONE</businessDayConvention>
                <businessCenters>
                  <businessCenter>GBLO</businessCenter>
                </businessCenters>
                <dateRelativeTo href="mandatoryEarlyTerminationDate" />
              </cashSettlementValuationDate>
              <midMarketValuation>
                <indicativeQuotations>
                  <cashSettlementCurrency>GBP</cashSettlementCurrency>
                  <applicableCsa>ReferenceVMCSA</applicableCsa>
                </indicativeQuotations>
              </midMarketValuation>
            </cashSettlement>
          </mandatoryEarlyTermination>
        </earlyTerminationProvision>
      </swap>
    </swaption>
    <documentation>
      <masterAgreement>
        <masterAgreementType masterAgreementTypeScheme="http://www.swapswire.com/spec/2001/master-agreement-type-1-0">ISDA</masterAgreementType>
      </masterAgreement>
      <contractualDefinitions>ISDA2021</contractualDefinitions>
    </documentation>
  </trade>
  <party id="partyA">
    <partyId partyIdScheme="http://www.fpml.org/coding-scheme/external/iso17442">549300ABANKV6BYQOWM67</partyId>
    <partyName>A BANK("ABANK")</partyName>
  </party>
  <party id="partyB">
    <partyId partyIdScheme="http://www.fpml.org/coding-scheme/external/iso17442">529900CPTY57S5UCBB52</partyId>
    <partyName>SELL SECURITIES CO LTD ("Counterparty")</partyName>
  </party>
  <party id="dco">
    <partyId partyIdScheme="http://www.fpml.org/coding-scheme/external/iso17442">123456QQQQ57S5UCBB11</partyId>
    <partyName>ABC CENTRAL PARTY CLEARING SVC LTD</partyName>
  </party>
</dataDocument>

