<?xml version="1.0" encoding="utf-8"?>
<!--View is confirmation-->
<!--Version is 5-12-->
<!--NS is http://www.fpml.org/FpML-5/confirmation-->
<!--
  == Copyright (c) 2021 All rights reserved.
  == Financial Products Markup Language is subject to the FpML public license.
  == A copy of this license is available at http://www.fpml.org/license/license.html
  -->
<dataDocument xmlns="http://www.fpml.org/FpML-5/confirmation" xmlns:xsi="http://www.w3.org/2001/XMLSchema-instance" fpmlVersion="5-12" xsi:schemaLocation="http://www.fpml.org/FpML-5/confirmation ../../fpml-main-5-12.xsd http://www.w3.org/2000/09/xmldsig# ../../xmldsig-core-schema.xsd">
  <trade>
    <tradeHeader>
      <partyTradeIdentifier>
        <partyReference href="partyA" />
        <tradeId tradeIdScheme="http://www.partyA.com/swaps/trade-id">FpML-test-8</tradeId>
      </partyTradeIdentifier>
      <tradeDate>2019-01-14</tradeDate>
    </tradeHeader>
    <fra>
      <productType>InterestRate:FRA</productType>
      <productId>64209469</productId>
      <buyerPartyReference href="partyB" />
      <sellerPartyReference href="partyA" />
      <adjustedEffectiveDate id="resetDate">2019-01-14</adjustedEffectiveDate>
      <adjustedTerminationDate>2019-06-13</adjustedTerminationDate>
      <paymentDate>
        <unadjustedDate>2019-01-14</unadjustedDate>
        <dateAdjustments>
          <businessDayConvention>MODFOLLOWING</businessDayConvention>
          <businessCenters>
            <businessCenter>GBLO</businessCenter>
            <businessCenter>USNY</businessCenter>
          </businessCenters>
        </dateAdjustments>
      </paymentDate>
      <fixingDateOffset>
        <periodMultiplier>-2</periodMultiplier>
        <period>D</period>
        <dayType>Business</dayType>
        <businessDayConvention>NONE</businessDayConvention>
        <businessCenters>
          <businessCenter>GBLO</businessCenter>
        </businessCenters>
        <dateRelativeTo href="resetDate" />
      </fixingDateOffset>
      <dayCountFraction>ACT/360</dayCountFraction>
      <calculationPeriodNumberOfDays>150</calculationPeriodNumberOfDays>
      <notional>
        <currency>USD</currency>
        <amount>50000000</amount>
      </notional>
      <fixedRate>0.005</fixedRate>
      <floatingRateIndex>USD-LIBOR-BBA</floatingRateIndex>
      <indexTenor>
        <periodMultiplier>5</periodMultiplier>
        <period>M</period>
      </indexTenor>
      <fraDiscounting>ISDA</fraDiscounting>
    </fra>
    <calculationAgent>
      <calculationAgentPartyReference href="partyA" />
    </calculationAgent>
  </trade>
  <party id="partyA">
    <partyId partyIdScheme="http://www.fpml.org/coding-scheme/external/iso17442">549300ABANKV6BYQOWM67</partyId>
    <partyName>A BANK("ABANK")</partyName>
  </party>
  <party id="partyB">
    <partyId partyIdScheme="http://www.fpml.org/coding-scheme/external/iso17442">529900CPTY57S5UCBB52</partyId>
    <partyName>SELL SECURITIES CO LTD ("Counterparty")</partyName>
  </party>
</dataDocument>

