<?xml version="1.0" encoding="utf-8"?>
<!--View is confirmation-->
<!--Version is 5-12-->
<!--NS is http://www.fpml.org/FpML-5/confirmation-->
<!--
  == Copyright (c) 2021 All rights reserved.
  == Financial Products Markup Language is subject to the FpML public license.
  == A copy of this license is available at http://www.fpml.org/license/license.html
  -->
<dataDocument xmlns="http://www.fpml.org/FpML-5/confirmation" xmlns:xsi="http://www.w3.org/2001/XMLSchema-instance" fpmlVersion="5-12" xsi:schemaLocation="http://www.fpml.org/FpML-5/confirmation ../../fpml-main-5-12.xsd http://www.w3.org/2000/09/xmldsig# ../../xmldsig-core-schema.xsd">
  <trade>
    <tradeHeader>
      <partyTradeIdentifier>
        <partyReference href="partyA" />
        <tradeId tradeIdScheme="http://www.swapswire.com/spec/2001/trade-id-1-0">58005778</tradeId>
      </partyTradeIdentifier>
      <partyTradeIdentifier>
        <partyReference href="partyB" />
        <tradeId tradeIdScheme="http://www.swapswire.com/spec/2001/trade-id-1-0">58005778</tradeId>
      </partyTradeIdentifier>
      <tradeDate>2021-04-07</tradeDate>
    </tradeHeader>
    <swap>
      <swapStream id="floatingLeg">
        <payerPartyReference href="partyB" />
        <receiverPartyReference href="partyA" />
        <calculationPeriodDates id="floatingLegCalcPeriodDates">
          <effectiveDate>
            <unadjustedDate>2021-04-08</unadjustedDate>
            <dateAdjustments>
              <businessDayConvention>NONE</businessDayConvention>
            </dateAdjustments>
          </effectiveDate>
          <terminationDate>
            <unadjustedDate>2026-04-08</unadjustedDate>
            <dateAdjustments>
              <businessDayConvention>MODFOLLOWING</businessDayConvention>
              <businessCenters>
                <businessCenter>CNBE</businessCenter>
                <businessCenter>USNY</businessCenter>
              </businessCenters>
            </dateAdjustments>
          </terminationDate>
          <calculationPeriodDatesAdjustments>
            <businessDayConvention>MODFOLLOWING</businessDayConvention>
            <businessCenters>
              <businessCenter>CNBE</businessCenter>
              <businessCenter>USNY</businessCenter>
            </businessCenters>
          </calculationPeriodDatesAdjustments>
          <calculationPeriodFrequency>
            <periodMultiplier>1</periodMultiplier>
            <period>W</period>
            <rollConvention>8</rollConvention>
          </calculationPeriodFrequency>
        </calculationPeriodDates>
        <paymentDates id="floatingLegPaymentDates">
          <calculationPeriodDatesReference href="floatingLegCalcPeriodDates" />
          <paymentFrequency>
            <periodMultiplier>3</periodMultiplier>
            <period>M</period>
          </paymentFrequency>
          <payRelativeTo>CalculationPeriodEndDate</payRelativeTo>
          <paymentDatesAdjustments>
            <businessDayConvention>MODFOLLOWING</businessDayConvention>
            <businessCenters>
              <businessCenter>CNBE</businessCenter>
              <businessCenter>USNY</businessCenter>
            </businessCenters>
          </paymentDatesAdjustments>
        </paymentDates>
        <resetDates id="floatingLegResetDates">
          <calculationPeriodDatesReference href="floatingLegCalcPeriodDates" />
          <resetRelativeTo>CalculationPeriodStartDate</resetRelativeTo>
          <fixingDates>
            <periodMultiplier>-1</periodMultiplier>
            <period>D</period>
            <dayType>Business</dayType>
            <businessDayConvention>NONE</businessDayConvention>
            <businessCenters>
              <businessCenter>CNBE</businessCenter>
            </businessCenters>
            <dateRelativeTo href="floatingLegResetDates" />
          </fixingDates>
          <resetFrequency>
            <periodMultiplier>1</periodMultiplier>
            <period>W</period>
          </resetFrequency>
          <resetDatesAdjustments>
            <businessDayConvention>MODFOLLOWING</businessDayConvention>
            <businessCenters>
              <businessCenter>CNBE</businessCenter>
              <businessCenter>USNY</businessCenter>
            </businessCenters>
          </resetDatesAdjustments>
        </resetDates>
        <calculationPeriodAmount>
          <calculation>
            <notionalSchedule>
              <notionalStepSchedule>
                <initialValue>100000000</initialValue>
                <currency>CNY</currency>
              </notionalStepSchedule>
            </notionalSchedule>
            <floatingRateCalculation>
              <floatingRateIndex>CNY-CNREPOFIX=CFXS-Reuters</floatingRateIndex>
              <indexTenor>
                <periodMultiplier>1</periodMultiplier>
                <period>W</period>
              </indexTenor>
            </floatingRateCalculation>
            <dayCountFraction>ACT/365.FIXED</dayCountFraction>
            <compoundingMethod>Straight</compoundingMethod>
          </calculation>
        </calculationPeriodAmount>
      </swapStream>
      <swapStream id="fixedLeg">
        <payerPartyReference href="partyA" />
        <receiverPartyReference href="partyB" />
        <calculationPeriodDates id="fixedLegCalcPeriodDates">
          <effectiveDate>
            <unadjustedDate>2021-04-08</unadjustedDate>
            <dateAdjustments>
              <businessDayConvention>NONE</businessDayConvention>
            </dateAdjustments>
          </effectiveDate>
          <terminationDate>
            <unadjustedDate>2026-04-08</unadjustedDate>
            <dateAdjustments>
              <businessDayConvention>MODFOLLOWING</businessDayConvention>
              <businessCenters>
                <businessCenter>CNBE</businessCenter>
                <businessCenter>USNY</businessCenter>
              </businessCenters>
            </dateAdjustments>
          </terminationDate>
          <calculationPeriodDatesAdjustments>
            <businessDayConvention>MODFOLLOWING</businessDayConvention>
            <businessCenters>
              <businessCenter>CNBE</businessCenter>
              <businessCenter>USNY</businessCenter>
            </businessCenters>
          </calculationPeriodDatesAdjustments>
          <calculationPeriodFrequency>
            <periodMultiplier>3</periodMultiplier>
            <period>M</period>
            <rollConvention>8</rollConvention>
          </calculationPeriodFrequency>
        </calculationPeriodDates>
        <paymentDates id="fixedLegPaymentDates">
          <calculationPeriodDatesReference href="fixedLegCalcPeriodDates" />
          <paymentFrequency>
            <periodMultiplier>3</periodMultiplier>
            <period>M</period>
          </paymentFrequency>
          <payRelativeTo>CalculationPeriodEndDate</payRelativeTo>
          <paymentDatesAdjustments>
            <businessDayConvention>MODFOLLOWING</businessDayConvention>
            <businessCenters>
              <businessCenter>CNBE</businessCenter>
              <businessCenter>USNY</businessCenter>
            </businessCenters>
          </paymentDatesAdjustments>
        </paymentDates>
        <calculationPeriodAmount>
          <calculation>
            <notionalSchedule>
              <notionalStepSchedule>
                <initialValue>100000000</initialValue>
                <currency>CNY</currency>
              </notionalStepSchedule>
            </notionalSchedule>
            <fixedRateSchedule>
              <initialValue>0.03</initialValue>
            </fixedRateSchedule>
            <dayCountFraction>ACT/365.FIXED</dayCountFraction>
          </calculation>
        </calculationPeriodAmount>
        <settlementProvision>
          <settlementCurrency>USD</settlementCurrency>
          <nonDeliverableSettlement>
            <referenceCurrency>CNY</referenceCurrency>
            <fxFixingDate>
              <periodMultiplier>-2</periodMultiplier>
              <period>D</period>
              <dayType>Business</dayType>
              <businessDayConvention>NONE</businessDayConvention>
              <businessCenters>
                <businessCenter>CNBE</businessCenter>
              </businessCenters>
              <dateRelativeToPaymentDates>
                <paymentDatesReference href="fixedLegPaymentDates" />
                <paymentDatesReference href="floatingLegPaymentDates" />
              </dateRelativeToPaymentDates>
            </fxFixingDate>
            <settlementRateOption settlementRateOptionScheme="http://www.fpml.org/coding-scheme/settlement-rate-option-1-0">CNY.SAEC/CNY01</settlementRateOption>
          </nonDeliverableSettlement>
        </settlementProvision>
      </swapStream>
    </swap>
    <documentation>
      <masterAgreement>
        <masterAgreementType masterAgreementTypeScheme="http://www.swapswire.com/spec/2001/master-agreement-type-1-0">ISDA</masterAgreementType>
      </masterAgreement>
      <contractualDefinitions>ISDA2006</contractualDefinitions>
    </documentation>
  </trade>
  <party id="partyA">
    <partyId partyIdScheme="http://www.fpml.org/coding-scheme/external/iso17442">549300ABANKV6BYQOWM67</partyId>
    <partyName>A BANK("ABANK")</partyName>
  </party>
  <party id="partyB">
    <partyId partyIdScheme="http://www.fpml.org/coding-scheme/external/iso17442">529900CPTY57S5UCBB52</partyId>
    <partyName>SELL SECURITIES CO LTD ("Counterparty")</partyName>
  </party>
</dataDocument>

