<?xml version="1.0" encoding="utf-8"?>
<!--View is confirmation-->
<!--Version is 5-12-->
<!--NS is http://www.fpml.org/FpML-5/confirmation-->
<!--
  == Copyright (c) 2021 All rights reserved.
  == Financial Products Markup Language is subject to the FpML public license.
  == A copy of this license is available at http://www.fpml.org/license/license.html
  -->
<dataDocument xmlns="http://www.fpml.org/FpML-5/confirmation" xmlns:xsi="http://www.w3.org/2001/XMLSchema-instance" fpmlVersion="5-12" xsi:schemaLocation="http://www.fpml.org/FpML-5/confirmation ../../fpml-main-5-12.xsd http://www.w3.org/2000/09/xmldsig# ../../xmldsig-core-schema.xsd">
  <trade>
    <tradeHeader>
      <partyTradeIdentifier>
        <partyReference href="partyA" />
        <tradeId tradeIdScheme="http://www.partyA.com/swaps/trade-id">FpML-test-7</tradeId>
      </partyTradeIdentifier>
      <tradeDate>2018-11-15</tradeDate>
    </tradeHeader>
    <swap>
      <productType>InterestRate:CrossCurrency:OIS</productType>
      <productId>64209468</productId>
      <swapStream id="InterestRateSwap-64209468-Floating-leg-2">
        <payerPartyReference href="partyB" />
        <receiverPartyReference href="partyA" />
        <calculationPeriodDates id="calculationPeriodDates-64209468-677">
          <effectiveDate>
            <unadjustedDate>2018-11-16</unadjustedDate>
            <dateAdjustments>
              <businessDayConvention>NONE</businessDayConvention>
              <businessCenters>
                <businessCenter>EUTA</businessCenter>
              </businessCenters>
            </dateAdjustments>
          </effectiveDate>
          <terminationDate id="terminationDate-64209468-678">
            <unadjustedDate>2023-11-16</unadjustedDate>
            <dateAdjustments>
              <businessDayConvention>MODFOLLOWING</businessDayConvention>
              <businessCenters>
                <businessCenter>EUTA</businessCenter>
              </businessCenters>
            </dateAdjustments>
          </terminationDate>
          <calculationPeriodDatesAdjustments>
            <businessDayConvention>NONE</businessDayConvention>
            <businessCenters>
              <businessCenter>EUTA</businessCenter>
            </businessCenters>
          </calculationPeriodDatesAdjustments>
          <calculationPeriodFrequency>
            <periodMultiplier>12</periodMultiplier>
            <period>M</period>
            <rollConvention>16</rollConvention>
          </calculationPeriodFrequency>
        </calculationPeriodDates>
        <paymentDates>
          <calculationPeriodDatesReference href="calculationPeriodDates-64209468-677" />
          <paymentFrequency>
            <periodMultiplier>1</periodMultiplier>
            <period>T</period>
          </paymentFrequency>
          <payRelativeTo>CalculationPeriodEndDate</payRelativeTo>
          <paymentDaysOffset>
            <periodMultiplier>1</periodMultiplier>
            <period>D</period>
            <dayType>Business</dayType>
          </paymentDaysOffset>
          <paymentDatesAdjustments>
            <businessDayConvention>MODFOLLOWING</businessDayConvention>
            <businessCenters>
              <businessCenter>EUTA</businessCenter>
            </businessCenters>
          </paymentDatesAdjustments>
        </paymentDates>
        <resetDates id="resetDates-64209468-680">
          <calculationPeriodDatesReference href="calculationPeriodDates-64209468-677" />
          <resetRelativeTo>CalculationPeriodEndDate</resetRelativeTo>
          <fixingDates>
            <periodMultiplier>0</periodMultiplier>
            <period>D</period>
            <dayType>Business</dayType>
            <businessDayConvention>NONE</businessDayConvention>
            <businessCenters>
              <businessCenter>EUTA</businessCenter>
            </businessCenters>
            <dateRelativeTo href="calculationPeriodDates-64209468-677" />
          </fixingDates>
          <resetFrequency>
            <periodMultiplier>12</periodMultiplier>
            <period>M</period>
          </resetFrequency>
          <resetDatesAdjustments>
            <businessDayConvention>MODFOLLOWING</businessDayConvention>
            <businessCenters>
              <businessCenter>EUTA</businessCenter>
            </businessCenters>
          </resetDatesAdjustments>
        </resetDates>
        <calculationPeriodAmount>
          <calculation>
            <notionalSchedule>
              <notionalStepSchedule>
                <initialValue>3672000000</initialValue>
                <currency>EUR</currency>
              </notionalStepSchedule>
            </notionalSchedule>
            <floatingRateCalculation>
              <floatingRateIndex>EUR-EONIA-OIS-COMPOUND</floatingRateIndex>
              <indexTenor>
                <periodMultiplier>12</periodMultiplier>
                <period>M</period>
              </indexTenor>
              <spreadSchedule>
                <initialValue>0</initialValue>
              </spreadSchedule>
            </floatingRateCalculation>
            <dayCountFraction>ACT/360</dayCountFraction>
            <compoundingMethod>Flat</compoundingMethod>
          </calculation>
        </calculationPeriodAmount>
      </swapStream>
      <swapStream id="InterestRateSwap-64209468-Fixed-leg-1">
        <payerPartyReference href="partyA" />
        <receiverPartyReference href="partyB" />
        <calculationPeriodDates id="calculationPeriodDates-64209468-681">
          <effectiveDate>
            <unadjustedDate>2018-11-16</unadjustedDate>
            <dateAdjustments>
              <businessDayConvention>NONE</businessDayConvention>
              <businessCenters>
                <businessCenter>EUTA</businessCenter>
              </businessCenters>
            </dateAdjustments>
          </effectiveDate>
          <terminationDate id="terminationDate-64209468-682">
            <unadjustedDate>2023-11-16</unadjustedDate>
            <dateAdjustments>
              <businessDayConvention>MODFOLLOWING</businessDayConvention>
              <businessCenters>
                <businessCenter>EUTA</businessCenter>
              </businessCenters>
            </dateAdjustments>
          </terminationDate>
          <calculationPeriodDatesAdjustments>
            <businessDayConvention>NONE</businessDayConvention>
            <businessCenters>
              <businessCenter>EUTA</businessCenter>
            </businessCenters>
          </calculationPeriodDatesAdjustments>
          <calculationPeriodFrequency>
            <periodMultiplier>5</periodMultiplier>
            <period>Y</period>
            <rollConvention>16</rollConvention>
          </calculationPeriodFrequency>
        </calculationPeriodDates>
        <paymentDates>
          <calculationPeriodDatesReference href="calculationPeriodDates-64209468-681" />
          <paymentFrequency>
            <periodMultiplier>1</periodMultiplier>
            <period>T</period>
          </paymentFrequency>
          <payRelativeTo>CalculationPeriodEndDate</payRelativeTo>
          <paymentDaysOffset>
            <periodMultiplier>1</periodMultiplier>
            <period>D</period>
            <dayType>Business</dayType>
          </paymentDaysOffset>
          <paymentDatesAdjustments>
            <businessDayConvention>MODFOLLOWING</businessDayConvention>
            <businessCenters>
              <businessCenter>EUTA</businessCenter>
            </businessCenters>
          </paymentDatesAdjustments>
        </paymentDates>
        <calculationPeriodAmount>
          <calculation>
            <notionalSchedule>
              <notionalStepSchedule>
                <initialValue>3672000000</initialValue>
                <currency>EUR</currency>
              </notionalStepSchedule>
            </notionalSchedule>
            <fixedRateSchedule>
              <initialValue>0.002</initialValue>
            </fixedRateSchedule>
            <dayCountFraction>ACT/360</dayCountFraction>
          </calculation>
        </calculationPeriodAmount>
      </swapStream>
    </swap>
    <calculationAgent>
      <calculationAgentPartyReference href="partyA" />
    </calculationAgent>
  </trade>
  <party id="partyA">
    <partyId partyIdScheme="http://www.fpml.org/coding-scheme/external/iso17442">549300ABANKV6BYQOWM67</partyId>
    <partyName>A BANK("ABANK")</partyName>
  </party>
  <party id="partyB">
    <partyId partyIdScheme="http://www.fpml.org/coding-scheme/external/iso17442">529900CPTY57S5UCBB52</partyId>
    <partyName>SELL SECURITIES CO LTD ("Counterparty")</partyName>
  </party>
</dataDocument>

