<?xml version="1.0" encoding="utf-8"?>
<!--View is confirmation-->
<!--Version is 5-12-->
<!--NS is http://www.fpml.org/FpML-5/confirmation-->
<!--
  == Copyright (c) 2021 All rights reserved.
  == Financial Products Markup Language is subject to the FpML public license.
  == A copy of this license is available at http://www.fpml.org/license/license.html
  -->
<dataDocument xmlns="http://www.fpml.org/FpML-5/confirmation" xmlns:xsi="http://www.w3.org/2001/XMLSchema-instance" fpmlVersion="5-12" xsi:schemaLocation="http://www.fpml.org/FpML-5/confirmation ../../fpml-main-5-12.xsd http://www.w3.org/2000/09/xmldsig# ../../xmldsig-core-schema.xsd">
  <trade>
    <tradeHeader>
      <partyTradeIdentifier>
        <partyReference href="partyA" />
        <tradeId tradeIdScheme="http://www.partyA.com/swaps/trade-id">FpML-test-4</tradeId>
      </partyTradeIdentifier>
      <tradeDate>2018-11-14</tradeDate>
    </tradeHeader>
    <swap>
      <productType productTypeScheme="http://www.fpml.org/coding-scheme/product-taxonomy">InterestRate:IRSwap:FixedFloat</productType>
      <productId>64209465</productId>
      <swapStream id="InterestRateSwap-64209465-Floating-leg-2">
        <payerPartyReference href="partyB" />
        <receiverPartyReference href="partyA" />
        <calculationPeriodDates id="calculationPeriodDates-64209465-650">
          <effectiveDate>
            <unadjustedDate>2018-11-15</unadjustedDate>
            <dateAdjustments>
              <businessDayConvention>MODFOLLOWING</businessDayConvention>
              <businessCenters>
                <businessCenter>USNY</businessCenter>
              </businessCenters>
            </dateAdjustments>
          </effectiveDate>
          <terminationDate id="terminationDate-64209465-651">
            <unadjustedDate>2020-11-15</unadjustedDate>
            <dateAdjustments>
              <businessDayConvention>MODFOLLOWING</businessDayConvention>
              <businessCenters>
                <businessCenter>USNY</businessCenter>
              </businessCenters>
            </dateAdjustments>
          </terminationDate>
          <calculationPeriodDatesAdjustments>
            <businessDayConvention>MODFOLLOWING</businessDayConvention>
            <businessCenters>
              <businessCenter>USNY</businessCenter>
            </businessCenters>
          </calculationPeriodDatesAdjustments>
          <calculationPeriodFrequency>
            <periodMultiplier>3</periodMultiplier>
            <period>M</period>
            <rollConvention>15</rollConvention>
          </calculationPeriodFrequency>
        </calculationPeriodDates>
        <paymentDates>
          <calculationPeriodDatesReference href="calculationPeriodDates-64209465-650" />
          <paymentFrequency>
            <periodMultiplier>3</periodMultiplier>
            <period>M</period>
          </paymentFrequency>
          <payRelativeTo>CalculationPeriodEndDate</payRelativeTo>
          <paymentDaysOffset>
            <periodMultiplier>2</periodMultiplier>
            <period>D</period>
            <dayType>Business</dayType>
          </paymentDaysOffset>
          <paymentDatesAdjustments>
            <businessDayConvention>MODFOLLOWING</businessDayConvention>
            <businessCenters>
              <businessCenter>USNY</businessCenter>
            </businessCenters>
          </paymentDatesAdjustments>
        </paymentDates>
        <resetDates id="resetDates-64209465-652">
          <calculationPeriodDatesReference href="calculationPeriodDates-64209465-650" />
          <resetRelativeTo>CalculationPeriodEndDate</resetRelativeTo>
          <fixingDates>
            <periodMultiplier>0</periodMultiplier>
            <period>D</period>
            <dayType>Business</dayType>
            <businessDayConvention>NONE</businessDayConvention>
            <businessCenters>
              <businessCenter>USGS</businessCenter>
            </businessCenters>
            <dateRelativeTo href="calculationPeriodDates-64209465-650" />
          </fixingDates>
          <resetFrequency>
            <periodMultiplier>3</periodMultiplier>
            <period>M</period>
          </resetFrequency>
          <resetDatesAdjustments>
            <businessDayConvention>MODFOLLOWING</businessDayConvention>
            <businessCenters>
              <businessCenter>USNY</businessCenter>
            </businessCenters>
          </resetDatesAdjustments>
        </resetDates>
        <calculationPeriodAmount>
          <calculation>
            <notionalSchedule>
              <notionalStepSchedule>
                <initialValue>86000000</initialValue>
                <currency>USD</currency>
              </notionalStepSchedule>
            </notionalSchedule>
            <floatingRateCalculation>
              <floatingRateIndex>USD-SOFR-COMPOUND</floatingRateIndex>
              <indexTenor>
                <periodMultiplier>3</periodMultiplier>
                <period>M</period>
              </indexTenor>
              <spreadSchedule>
                <initialValue>0</initialValue>
              </spreadSchedule>
            </floatingRateCalculation>
            <dayCountFraction>30/360</dayCountFraction>
          </calculation>
        </calculationPeriodAmount>
      </swapStream>
      <swapStream id="InterestRateSwap-64209465-Fixed-leg-1">
        <payerPartyReference href="partyA" />
        <receiverPartyReference href="partyB" />
        <calculationPeriodDates id="calculationPeriodDates-64209465-653">
          <effectiveDate>
            <unadjustedDate>2018-11-15</unadjustedDate>
            <dateAdjustments>
              <businessDayConvention>NONE</businessDayConvention>
              <businessCenters>
                <businessCenter>USNY</businessCenter>
              </businessCenters>
            </dateAdjustments>
          </effectiveDate>
          <terminationDate id="terminationDate-64209465-654">
            <unadjustedDate>2020-11-15</unadjustedDate>
            <dateAdjustments>
              <businessDayConvention>NONE</businessDayConvention>
              <businessCenters>
                <businessCenter>USNY</businessCenter>
              </businessCenters>
            </dateAdjustments>
          </terminationDate>
          <calculationPeriodDatesAdjustments>
            <businessDayConvention>NONE</businessDayConvention>
            <businessCenters>
              <businessCenter>USNY</businessCenter>
            </businessCenters>
          </calculationPeriodDatesAdjustments>
          <calculationPeriodFrequency>
            <periodMultiplier>6</periodMultiplier>
            <period>M</period>
            <rollConvention>15</rollConvention>
          </calculationPeriodFrequency>
        </calculationPeriodDates>
        <paymentDates>
          <calculationPeriodDatesReference href="calculationPeriodDates-64209465-653" />
          <paymentFrequency>
            <periodMultiplier>6</periodMultiplier>
            <period>M</period>
          </paymentFrequency>
          <payRelativeTo>CalculationPeriodEndDate</payRelativeTo>
          <paymentDaysOffset>
            <periodMultiplier>2</periodMultiplier>
            <period>D</period>
            <dayType>Business</dayType>
          </paymentDaysOffset>
          <paymentDatesAdjustments>
            <businessDayConvention>MODFOLLOWING</businessDayConvention>
            <businessCenters>
              <businessCenter>USNY</businessCenter>
            </businessCenters>
          </paymentDatesAdjustments>
        </paymentDates>
        <calculationPeriodAmount>
          <calculation>
            <notionalSchedule>
              <notionalStepSchedule>
                <initialValue>86000000</initialValue>
                <currency>USD</currency>
              </notionalStepSchedule>
            </notionalSchedule>
            <fixedRateSchedule>
              <initialValue>0.013</initialValue>
              <step>
                <stepDate>2019-05-15</stepDate>
                <stepValue>0.015</stepValue>
              </step>
              <step>
                <stepDate>2019-11-15</stepDate>
                <stepValue>0.017</stepValue>
              </step>
              <step>
                <stepDate>2020-05-15</stepDate>
                <stepValue>0.019</stepValue>
              </step>
            </fixedRateSchedule>
            <dayCountFraction>ACT/360</dayCountFraction>
          </calculation>
        </calculationPeriodAmount>
      </swapStream>
      <additionalPayment>
        <payerPartyReference href="partyB" />
        <receiverPartyReference href="partyA" />
        <paymentAmount>
          <currency>USD</currency>
          <amount>20000</amount>
        </paymentAmount>
        <paymentDate>
          <unadjustedDate>2018-11-15</unadjustedDate>
          <dateAdjustments>
            <businessDayConvention>FOLLOWING</businessDayConvention>
            <businessCenters>
              <businessCenter>USNY</businessCenter>
            </businessCenters>
          </dateAdjustments>
        </paymentDate>
        <paymentType>PremiumAmount</paymentType>
      </additionalPayment>
    </swap>
  </trade>
  <party id="partyA">
    <partyId partyIdScheme="http://www.fpml.org/coding-scheme/external/iso17442">549300ABANKV6BYQOWM67</partyId>
    <partyName>A BANK("ABANK")</partyName>
  </party>
  <party id="partyB">
    <partyId partyIdScheme="http://www.fpml.org/coding-scheme/external/iso17442">529900CPTY57S5UCBB52</partyId>
    <partyName>SELL SECURITIES CO LTD ("Counterparty")</partyName>
  </party>
</dataDocument>

