<?xml version="1.0" encoding="utf-8"?>
<!--View is confirmation-->
<!--Version is 5-12-->
<!--NS is http://www.fpml.org/FpML-5/confirmation-->
<!--
  == Copyright (c) 2021 All rights reserved.
  == Financial Products Markup Language is subject to the FpML public license.
  == A copy of this license is available at http://www.fpml.org/license/license.html
  -->
<dataDocument xmlns="http://www.fpml.org/FpML-5/confirmation" xmlns:xsi="http://www.w3.org/2001/XMLSchema-instance" fpmlVersion="5-12" xsi:schemaLocation="http://www.fpml.org/FpML-5/confirmation ../../fpml-main-5-12.xsd http://www.w3.org/2000/09/xmldsig# ../../xmldsig-core-schema.xsd">
  <trade>
    <tradeHeader>
      <partyTradeIdentifier>
        <partyReference href="partyA" />
        <tradeId tradeIdScheme="http://www.partyA.com/swaps/trade-id">FpML-test-7</tradeId>
      </partyTradeIdentifier>
      <tradeDate>2021-08-13</tradeDate>
    </tradeHeader>
    <swap>
      <productType>InterestRate::VanillaSwap</productType>
<!-- RFR daily average with lookback-->
      <swapStream id="InterestRateSwap-64209468-Floating-leg-2">
        <payerPartyReference href="partyB" />
        <receiverPartyReference href="partyA" />
        <calculationPeriodDates id="calculationPeriodDates-64209468-677">
          <effectiveDate>
            <unadjustedDate>2021-08-16</unadjustedDate>
            <dateAdjustments>
              <businessDayConvention>NONE</businessDayConvention>
              <businessCenters>
                <businessCenter>EUTA</businessCenter>
              </businessCenters>
            </dateAdjustments>
          </effectiveDate>
          <terminationDate id="terminationDate-64209468-678">
            <unadjustedDate>2024-08-16</unadjustedDate>
            <dateAdjustments>
              <businessDayConvention>MODFOLLOWING</businessDayConvention>
              <businessCenters>
                <businessCenter>EUTA</businessCenter>
              </businessCenters>
            </dateAdjustments>
          </terminationDate>
          <calculationPeriodDatesAdjustments>
            <businessDayConvention>NONE</businessDayConvention>
            <businessCenters>
              <businessCenter>EUTA</businessCenter>
            </businessCenters>
          </calculationPeriodDatesAdjustments>
          <calculationPeriodFrequency>
            <periodMultiplier>1</periodMultiplier>
            <period>M</period>
            <rollConvention>16</rollConvention>
          </calculationPeriodFrequency>
        </calculationPeriodDates>
        <paymentDates>
          <calculationPeriodDatesReference href="calculationPeriodDates-64209468-677" />
          <paymentFrequency>
            <periodMultiplier>1</periodMultiplier>
            <period>M</period>
          </paymentFrequency>
          <payRelativeTo>CalculationPeriodEndDate</payRelativeTo>
          <paymentDaysOffset>
            <periodMultiplier>1</periodMultiplier>
            <period>D</period>
            <dayType>Business</dayType>
          </paymentDaysOffset>
          <paymentDatesAdjustments>
            <businessDayConvention>MODFOLLOWING</businessDayConvention>
            <businessCenters>
              <businessCenter>EUTA</businessCenter>
            </businessCenters>
          </paymentDatesAdjustments>
        </paymentDates>
        <calculationPeriodAmount>
          <calculation>
            <notionalSchedule>
              <notionalStepSchedule>
                <initialValue>3672000000</initialValue>
                <currency>EUR</currency>
              </notionalStepSchedule>
            </notionalSchedule>
            <floatingRateCalculation>
              <floatingRateIndex>EUR-EONIA</floatingRateIndex>
              <calculationParameters>
                <calculationMethod>Compounding</calculationMethod>
                <applicableBusinessDays>
                  <businessCenters>
                    <businessCenter>EUTA</businessCenter>
                  </businessCenters>
                </applicableBusinessDays>
                <lookback>
                  <offsetDays>5</offsetDays>
                </lookback>
                <observationCapRate>0.02</observationCapRate>
              </calculationParameters>
            </floatingRateCalculation>
            <dayCountFraction>ACT/360</dayCountFraction>
          </calculation>
        </calculationPeriodAmount>
      </swapStream>
      <swapStream id="InterestRateSwap-64209468-Fixed-leg-1">
        <payerPartyReference href="partyA" />
        <receiverPartyReference href="partyB" />
        <calculationPeriodDates id="calculationPeriodDates-64209468-681">
          <effectiveDate>
            <unadjustedDate>2021-08-16</unadjustedDate>
            <dateAdjustments>
              <businessDayConvention>NONE</businessDayConvention>
              <businessCenters>
                <businessCenter>EUTA</businessCenter>
              </businessCenters>
            </dateAdjustments>
          </effectiveDate>
          <terminationDate id="terminationDate-64209468-682">
            <unadjustedDate>2024-08-16</unadjustedDate>
            <dateAdjustments>
              <businessDayConvention>MODFOLLOWING</businessDayConvention>
              <businessCenters>
                <businessCenter>EUTA</businessCenter>
              </businessCenters>
            </dateAdjustments>
          </terminationDate>
          <calculationPeriodDatesAdjustments>
            <businessDayConvention>NONE</businessDayConvention>
            <businessCenters>
              <businessCenter>EUTA</businessCenter>
            </businessCenters>
          </calculationPeriodDatesAdjustments>
          <calculationPeriodFrequency>
            <periodMultiplier>1</periodMultiplier>
            <period>M</period>
            <rollConvention>16</rollConvention>
          </calculationPeriodFrequency>
        </calculationPeriodDates>
        <paymentDates>
          <calculationPeriodDatesReference href="calculationPeriodDates-64209468-681" />
          <paymentFrequency>
            <periodMultiplier>1</periodMultiplier>
            <period>M</period>
          </paymentFrequency>
          <payRelativeTo>CalculationPeriodEndDate</payRelativeTo>
          <paymentDaysOffset>
            <periodMultiplier>1</periodMultiplier>
            <period>D</period>
            <dayType>Business</dayType>
          </paymentDaysOffset>
          <paymentDatesAdjustments>
            <businessDayConvention>MODFOLLOWING</businessDayConvention>
            <businessCenters>
              <businessCenter>EUTA</businessCenter>
            </businessCenters>
          </paymentDatesAdjustments>
        </paymentDates>
        <calculationPeriodAmount>
          <calculation>
            <notionalSchedule>
              <notionalStepSchedule>
                <initialValue>3672000000</initialValue>
                <currency>EUR</currency>
              </notionalStepSchedule>
            </notionalSchedule>
            <fixedRateSchedule>
              <initialValue>0.002</initialValue>
            </fixedRateSchedule>
            <dayCountFraction>ACT/360</dayCountFraction>
          </calculation>
        </calculationPeriodAmount>
      </swapStream>
      <earlyTerminationProvision>
        <optionalEarlyTermination>
          <europeanExercise>
            <expirationDate>
              <relativeDate>
                <periodMultiplier>-5</periodMultiplier>
                <period>D</period>
                <dayType>Business</dayType>
                <businessDayConvention>NONE</businessDayConvention>
                <businessCenters>
                  <businessCenter>EUTA</businessCenter>
                  <businessCenter>GBLO</businessCenter>
                </businessCenters>
                <dateRelativeTo href="cashSettlementPayment0" />
              </relativeDate>
            </expirationDate>
            <earliestExerciseTime>
              <hourMinuteTime>09:00:00</hourMinuteTime>
              <businessCenter>BEBR</businessCenter>
            </earliestExerciseTime>
            <expirationTime>
              <hourMinuteTime>11:00:00</hourMinuteTime>
              <businessCenter>BEBR</businessCenter>
            </expirationTime>
          </europeanExercise>
          <exerciseNotice>
            <partyReference href="partyB" />
            <businessCenter>GBLO</businessCenter>
          </exerciseNotice>
          <followUpConfirmation>true</followUpConfirmation>
          <calculationAgent>
            <calculationAgentParty>NonExercisingParty</calculationAgentParty>
          </calculationAgent>
          <cashSettlement>
            <cashSettlementValuationTime>
              <hourMinuteTime>11:00:00</hourMinuteTime>
              <businessCenter>BEBR</businessCenter>
            </cashSettlementValuationTime>
            <cashSettlementValuationDate>
              <periodMultiplier>-2</periodMultiplier>
              <period>D</period>
              <dayType>Business</dayType>
              <businessDayConvention>NONE</businessDayConvention>
              <businessCenters>
                <businessCenter>GBLO</businessCenter>
                <businessCenter>EUTA</businessCenter>
              </businessCenters>
              <dateRelativeTo href="cashSettlementPayment0" />
            </cashSettlementValuationDate>
            <cashSettlementPaymentDate id="cashSettlementPayment0">
              <adjustableDates>
                <unadjustedDate>2001-08-30</unadjustedDate>
                <dateAdjustments>
                  <businessDayConvention>FOLLOWING</businessDayConvention>
                  <businessCenters>
                    <businessCenter>GBLO</businessCenter>
                    <businessCenter>EUTA</businessCenter>
                  </businessCenters>
                </dateAdjustments>
              </adjustableDates>
            </cashSettlementPaymentDate>
            <midMarketValuation>
              <indicativeQuotations>
                <cashSettlementCurrency>EUR</cashSettlementCurrency>
                <applicableCsa>NoCSA</applicableCsa>
                <cashCollateralCurrency>EUR</cashCollateralCurrency>
                <cashCollateralInterestRate>EuroSTR</cashCollateralInterestRate>
                <agreedDiscountRate>EuroSTR</agreedDiscountRate>
              </indicativeQuotations>
            </midMarketValuation>
          </cashSettlement>
        </optionalEarlyTermination>
      </earlyTerminationProvision>
    </swap>
    <calculationAgent>
      <calculationAgentPartyReference href="partyA" />
    </calculationAgent>
    <documentation>
      <contractualDefinitions>ISDA2021</contractualDefinitions>
    </documentation>
  </trade>
  <party id="partyA">
    <partyId partyIdScheme="http://www.fpml.org/coding-scheme/external/iso17442">549300ABANKV6BYQOWM67</partyId>
    <partyName>A BANK("ABANK")</partyName>
  </party>
  <party id="partyB">
    <partyId partyIdScheme="http://www.fpml.org/coding-scheme/external/iso17442">529900CPTY57S5UCBB52</partyId>
    <partyName>SELL SECURITIES CO LTD ("Counterparty")</partyName>
  </party>
  <party id="dco">
    <partyId partyIdScheme="http://www.fpml.org/coding-scheme/external/iso17442">123456QQQQ57S5UCBB11</partyId>
    <partyName>ABC CENTRAL PARTY CLEARING SVC LTD</partyName>
  </party>
</dataDocument>

