<?xml version="1.0" encoding="utf-8"?>
<!--View is confirmation-->
<!--Version is 5-12-->
<!--NS is http://www.fpml.org/FpML-5/confirmation-->
<!--
        == Copyright (c) 2021 All rights reserved.
        == Financial Products Markup Language is subject to the FpML public license.
        == A copy of this license is available at http://www.fpml.org/license/license.html
-->
<collateralAllocationRejected xmlns="http://www.fpml.org/FpML-5/confirmation" xmlns:xsi="http://www.w3.org/2001/XMLSchema-instance" fpmlVersion="5-12" xsi:schemaLocation="http://www.fpml.org/FpML-5/confirmation ../../fpml-main-5-12.xsd http://www.w3.org/2000/09/xmldsig# ../../xmldsig-core-schema.xsd">
  <header>
    <messageId messageIdScheme="http://www.lchclearnet.com/clearlink/coding-scheme/message-id">X133REJECT</messageId>
    <inReplyTo messageIdScheme="http://www.lchclearnet.com/clearlink/coding-scheme/message-id">51FS51FS</inReplyTo>
    <sentBy messageAddressScheme="http://www.lchclearnet.com/clearlink/coding-scheme/party-id">LCHLGB2L</sentBy>
    <sendTo messageAddressScheme="http://www.lchclearnet.com/clearlink/coding-scheme/party-id">FCM1</sendTo>
    <creationTimestamp>2012-07-10T08:59:00Z</creationTimestamp>
  </header>
  <correlationId correlationIdScheme="http://www.lchclearnet.com/coding-scheme/correlation-id">0123456</correlationId>
  <sequenceNumber>2</sequenceNumber>
  <reason>
    <reasonCode reasonCodeScheme="http://www.lchclearnet.com/coding-scheme/reason-code">CL5001</reasonCode>
    <description>Allocation rejected as it would result in a margin call</description>
  </reason>
</collateralAllocationRejected>

